"id","driver_code","shipment_no","total_costs","cost_status"
1,DRIVER015,SHIPMENT493,3800000.00,PAID
2,DRIVER008,SHIPMENT994,700000.00,CONFIRMED
3,DRIVER031,SHIPMENT247,100000.00,PENDING
4,DRIVER032,SHIPMENT516,4000000.00,CONFIRMED
5,DRIVER017,SHIPMENT824,5800000.00,CONFIRMED
6,DRIVER016,SHIPMENT796,6800000.00,CONFIRMED
7,DRIVER001,SHIPMENT970,7600000.00,PENDING
8,DRIVER019,SHIPMENT998,700000.00,PAID
9,DRIVER033,SHIPMENT345,5600000.00,CONFIRMED
10,DRIVER012,SHIPMENT201,2200000.00,PENDING
11,DRIVER018,SHIPMENT257,9200000.00,PAID
12,DRIVER016,SHIPMENT013,4300000.00,PENDING
13,DRIVER032,SHIPMENT546,2900000.00,CONFIRMED
14,DRIVER034,SHIPMENT862,7300000.00,PENDING
15,DRIVER029,SHIPMENT996,200000.00,CONFIRMED
16,DRIVER010,SHIPMENT553,5700000.00,CONFIRMED
17,DRIVER009,SHIPMENT773,4600000.00,CONFIRMED
18,DRIVER011,SHIPMENT034,1500000.00,PAID
19,DRIVER035,SHIPMENT152,2600000.00,CONFIRMED
20,DRIVER035,SHIPMENT819,3700000.00,PAID
21,DRIVER017,SHIPMENT738,4000000.00,PAID
22,DRIVER020,SHIPMENT050,1600000.00,CONFIRMED
23,DRIVER020,SHIPMENT774,1300000.00,PAID
24,DRIVER025,SHIPMENT639,700000.00,PENDING
25,DRIVER012,SHIPMENT189,3600000.00,PENDING
26,DRIVER017,SHIPMENT965,1200000.00,PAID
27,DRIVER023,SHIPMENT506,3400000.00,PENDING
28,DRIVER013,SHIPMENT017,6300000.00,CONFIRMED
29,DRIVER021,SHIPMENT734,6400000.00,PENDING
30,DRIVER002,SHIPMENT395,600000.00,PAID
31,DRIVER004,SHIPMENT798,3500000.00,PAID
32,DRIVER028,SHIPMENT399,2900000.00,CONFIRMED
33,DRIVER015,SHIPMENT268,8100000.00,PAID
34,DRIVER017,SHIPMENT321,2800000.00,PAID
35,DRIVER032,SHIPMENT369,5400000.00,CONFIRMED
36,DRIVER009,SHIPMENT502,2000000.00,PENDING
37,DRIVER013,SHIPMENT939,6400000.00,CONFIRMED
38,DRIVER010,SHIPMENT585,5300000.00,PENDING
39,DRIVER010,SHIPMENT615,9800000.00,CONFIRMED
40,DRIVER023,SHIPMENT200,800000.00,CONFIRMED
41,DRIVER034,SHIPMENT704,500000.00,CONFIRMED
42,DRIVER029,SHIPMENT546,2000000.00,PENDING
43,DRIVER025,SHIPMENT663,9300000.00,PENDING
44,DRIVER033,SHIPMENT456,7900000.00,CONFIRMED
45,DRIVER003,SHIPMENT172,3900000.00,PENDING
46,DRIVER034,SHIPMENT297,4700000.00,PENDING
47,DRIVER026,SHIPMENT663,5000000.00,PENDING
48,DRIVER018,SHIPMENT810,8000000.00,PENDING
49,DRIVER016,SHIPMENT366,1300000.00,CONFIRMED
50,DRIVER004,SHIPMENT356,500000.00,CONFIRMED
51,DRIVER024,SHIPMENT695,6200000.00,PAID
52,DRIVER033,SHIPMENT695,8600000.00,PENDING
53,DRIVER025,SHIPMENT534,3600000.00,CONFIRMED
54,DRIVER025,SHIPMENT580,3500000.00,PAID
55,DRIVER022,SHIPMENT146,3400000.00,PAID
56,DRIVER001,SHIPMENT612,1800000.00,PAID
57,DRIVER002,SHIPMENT623,5000000.00,PAID
58,DRIVER014,SHIPMENT572,6700000.00,PENDING
59,DRIVER026,SHIPMENT187,8500000.00,PENDING
60,DRIVER005,SHIPMENT125,9600000.00,CONFIRMED
61,DRIVER025,SHIPMENT626,7600000.00,PAID
62,DRIVER017,SHIPMENT240,2800000.00,CONFIRMED
63,DRIVER025,SHIPMENT861,3500000.00,CONFIRMED
64,DRIVER016,SHIPMENT219,900000.00,PAID
65,DRIVER028,SHIPMENT214,1700000.00,CONFIRMED
66,DRIVER004,SHIPMENT650,600000.00,CONFIRMED
67,DRIVER017,SHIPMENT288,5600000.00,PAID
68,DRIVER029,SHIPMENT814,4300000.00,CONFIRMED
69,DRIVER007,SHIPMENT906,6400000.00,PAID
70,DRIVER017,SHIPMENT819,1600000.00,CONFIRMED
71,DRIVER032,SHIPMENT391,2700000.00,PAID
72,DRIVER010,SHIPMENT149,7000000.00,CONFIRMED
73,DRIVER032,SHIPMENT435,5800000.00,PAID
74,DRIVER028,SHIPMENT094,6900000.00,PAID
75,DRIVER028,SHIPMENT849,9200000.00,CONFIRMED
76,DRIVER025,SHIPMENT556,6000000.00,CONFIRMED
77,DRIVER023,SHIPMENT529,2200000.00,PAID
78,DRIVER016,SHIPMENT936,8500000.00,PENDING
79,DRIVER010,SHIPMENT436,2000000.00,CONFIRMED
80,DRIVER020,SHIPMENT994,4800000.00,CONFIRMED
81,DRIVER032,SHIPMENT175,6700000.00,CONFIRMED
82,DRIVER006,SHIPMENT008,5800000.00,PENDING
83,DRIVER032,SHIPMENT962,2200000.00,PENDING
84,DRIVER009,SHIPMENT540,5000000.00,CONFIRMED
85,DRIVER023,SHIPMENT736,9800000.00,CONFIRMED
86,DRIVER028,SHIPMENT023,3000000.00,PAID
87,DRIVER003,SHIPMENT262,1100000.00,PENDING
88,DRIVER011,SHIPMENT443,7900000.00,PENDING
89,DRIVER034,SHIPMENT561,8100000.00,CONFIRMED
90,DRIVER029,SHIPMENT318,7200000.00,PENDING
91,DRIVER020,SHIPMENT220,6000000.00,PAID
92,DRIVER005,SHIPMENT772,4200000.00,CONFIRMED
93,DRIVER008,SHIPMENT059,4300000.00,PAID
94,DRIVER029,SHIPMENT128,700000.00,PAID
95,DRIVER021,SHIPMENT190,1000000.00,CONFIRMED
96,DRIVER028,SHIPMENT203,8200000.00,CONFIRMED
97,DRIVER034,SHIPMENT473,2000000.00,CONFIRMED
98,DRIVER035,SHIPMENT735,600000.00,PENDING
99,DRIVER017,SHIPMENT294,8600000.00,PAID
100,DRIVER007,SHIPMENT120,0.00,CONFIRMED
101,DRIVER017,SHIPMENT562,3300000.00,PENDING
102,DRIVER026,SHIPMENT569,4500000.00,PAID
103,DRIVER018,SHIPMENT838,3600000.00,PAID
104,DRIVER033,SHIPMENT682,6300000.00,PAID
105,DRIVER023,SHIPMENT940,8600000.00,PENDING
106,DRIVER030,SHIPMENT705,2500000.00,PENDING
107,DRIVER007,SHIPMENT770,3500000.00,PENDING
108,DRIVER016,SHIPMENT311,8700000.00,PENDING
109,DRIVER029,SHIPMENT904,8400000.00,CONFIRMED
110,DRIVER007,SHIPMENT577,9400000.00,PENDING
111,DRIVER022,SHIPMENT227,5900000.00,PENDING
112,DRIVER019,SHIPMENT963,500000.00,PAID
113,DRIVER024,SHIPMENT034,7700000.00,PENDING
114,DRIVER025,SHIPMENT307,5700000.00,PAID
115,DRIVER031,SHIPMENT121,4700000.00,PAID
116,DRIVER016,SHIPMENT919,4200000.00,PENDING
117,DRIVER019,SHIPMENT679,1600000.00,PENDING
118,DRIVER015,SHIPMENT388,3000000.00,PAID
119,DRIVER002,SHIPMENT677,5600000.00,PENDING
120,DRIVER025,SHIPMENT611,2700000.00,PENDING
121,DRIVER025,SHIPMENT459,9200000.00,CONFIRMED
122,DRIVER026,SHIPMENT372,9400000.00,CONFIRMED
123,DRIVER004,SHIPMENT545,8600000.00,PENDING
124,DRIVER016,SHIPMENT698,4300000.00,CONFIRMED
125,DRIVER018,SHIPMENT711,8500000.00,CONFIRMED
126,DRIVER019,SHIPMENT202,4500000.00,PENDING
127,DRIVER007,SHIPMENT365,7400000.00,PENDING
128,DRIVER026,SHIPMENT958,8900000.00,CONFIRMED
129,DRIVER023,SHIPMENT129,1600000.00,CONFIRMED
130,DRIVER005,SHIPMENT085,2100000.00,PAID
131,DRIVER011,SHIPMENT810,2200000.00,CONFIRMED
132,DRIVER010,SHIPMENT962,6200000.00,PAID
133,DRIVER005,SHIPMENT227,4400000.00,PAID
134,DRIVER021,SHIPMENT937,8300000.00,PAID
135,DRIVER031,SHIPMENT376,800000.00,CONFIRMED
136,DRIVER016,SHIPMENT156,800000.00,CONFIRMED
137,DRIVER020,SHIPMENT818,9400000.00,PENDING
138,DRIVER019,SHIPMENT709,5900000.00,CONFIRMED
139,DRIVER017,SHIPMENT622,9800000.00,PENDING
140,DRIVER018,SHIPMENT595,3500000.00,CONFIRMED
141,DRIVER013,SHIPMENT361,5600000.00,PENDING
142,DRIVER028,SHIPMENT021,3300000.00,PAID
143,DRIVER029,SHIPMENT242,6100000.00,PAID
144,DRIVER017,SHIPMENT665,1500000.00,CONFIRMED
145,DRIVER024,SHIPMENT595,2400000.00,PAID
146,DRIVER009,SHIPMENT542,1200000.00,PENDING
147,DRIVER016,SHIPMENT342,5500000.00,PAID
148,DRIVER028,SHIPMENT083,2300000.00,PAID
149,DRIVER020,SHIPMENT605,8300000.00,CONFIRMED
150,DRIVER021,SHIPMENT669,3800000.00,CONFIRMED
151,DRIVER026,SHIPMENT471,5200000.00,CONFIRMED
152,DRIVER022,SHIPMENT135,1100000.00,PAID
153,DRIVER021,SHIPMENT219,7900000.00,PENDING
154,DRIVER001,SHIPMENT608,1800000.00,CONFIRMED
155,DRIVER033,SHIPMENT290,1000000.00,PENDING
156,DRIVER026,SHIPMENT112,6700000.00,CONFIRMED
157,DRIVER015,SHIPMENT234,500000.00,CONFIRMED
158,DRIVER012,SHIPMENT292,2100000.00,PAID
159,DRIVER029,SHIPMENT913,700000.00,CONFIRMED
160,DRIVER024,SHIPMENT892,9300000.00,CONFIRMED
161,DRIVER014,SHIPMENT926,8300000.00,PAID
162,DRIVER016,SHIPMENT755,4500000.00,PENDING
163,DRIVER005,SHIPMENT059,6300000.00,PENDING
164,DRIVER029,SHIPMENT421,7100000.00,PAID
165,DRIVER007,SHIPMENT834,7400000.00,PENDING
166,DRIVER001,SHIPMENT166,7300000.00,PENDING
167,DRIVER025,SHIPMENT989,600000.00,PAID
168,DRIVER016,SHIPMENT959,6300000.00,PAID
169,DRIVER003,SHIPMENT951,5400000.00,PAID
170,DRIVER015,SHIPMENT606,3300000.00,PENDING
171,DRIVER013,SHIPMENT804,5100000.00,PAID
172,DRIVER018,SHIPMENT395,4000000.00,PENDING
173,DRIVER034,SHIPMENT820,6400000.00,PENDING
174,DRIVER022,SHIPMENT049,4500000.00,CONFIRMED
175,DRIVER027,SHIPMENT759,400000.00,PAID
176,DRIVER032,SHIPMENT686,8900000.00,CONFIRMED
177,DRIVER014,SHIPMENT274,2300000.00,PAID
178,DRIVER029,SHIPMENT751,7900000.00,PENDING
179,DRIVER023,SHIPMENT685,2900000.00,CONFIRMED
180,DRIVER010,SHIPMENT600,2400000.00,CONFIRMED
181,DRIVER002,SHIPMENT887,3100000.00,PENDING
182,DRIVER009,SHIPMENT534,7900000.00,PAID
183,DRIVER004,SHIPMENT108,3400000.00,CONFIRMED
184,DRIVER002,SHIPMENT438,2500000.00,CONFIRMED
185,DRIVER015,SHIPMENT334,5500000.00,PAID
186,DRIVER005,SHIPMENT375,8400000.00,CONFIRMED
188,DRIVER014,SHIPMENT040,4000000.00,PAID
189,DRIVER031,SHIPMENT473,4200000.00,PENDING
190,DRIVER019,SHIPMENT724,9800000.00,PENDING
191,DRIVER012,SHIPMENT358,6000000.00,PAID
192,DRIVER026,SHIPMENT067,2300000.00,CONFIRMED
193,DRIVER024,SHIPMENT776,1200000.00,CONFIRMED
194,DRIVER023,SHIPMENT627,4400000.00,CONFIRMED
195,DRIVER007,SHIPMENT961,1300000.00,PENDING
196,DRIVER019,SHIPMENT826,9100000.00,PENDING
197,DRIVER020,SHIPMENT500,2000000.00,PAID
198,DRIVER005,SHIPMENT245,4100000.00,CONFIRMED
199,DRIVER027,SHIPMENT872,6700000.00,CONFIRMED
200,DRIVER035,SHIPMENT057,9100000.00,PENDING
201,DRIVER009,SHIPMENT576,8900000.00,PAID
202,DRIVER028,SHIPMENT199,2000000.00,CONFIRMED
203,DRIVER011,SHIPMENT318,2000000.00,CONFIRMED
204,DRIVER028,SHIPMENT601,2300000.00,PAID
205,DRIVER028,SHIPMENT244,8400000.00,CONFIRMED
206,DRIVER023,SHIPMENT005,3100000.00,PENDING
207,DRIVER001,SHIPMENT728,7300000.00,PAID
208,DRIVER028,SHIPMENT395,9600000.00,CONFIRMED
209,DRIVER012,SHIPMENT739,6400000.00,PENDING
210,DRIVER033,SHIPMENT584,7700000.00,CONFIRMED
211,DRIVER012,SHIPMENT116,500000.00,PAID
212,DRIVER006,SHIPMENT914,8800000.00,CONFIRMED
213,DRIVER023,SHIPMENT370,6100000.00,PAID
214,DRIVER017,SHIPMENT959,6500000.00,PENDING
215,DRIVER012,SHIPMENT236,7800000.00,PENDING
216,DRIVER001,SHIPMENT510,9900000.00,PENDING
217,DRIVER023,SHIPMENT341,2600000.00,PENDING
218,DRIVER021,SHIPMENT906,400000.00,PAID
219,DRIVER031,SHIPMENT722,7000000.00,PAID
220,DRIVER016,SHIPMENT319,4200000.00,CONFIRMED
221,DRIVER029,SHIPMENT731,1100000.00,CONFIRMED
222,DRIVER008,SHIPMENT047,7700000.00,PAID
223,DRIVER006,SHIPMENT113,2800000.00,PENDING
224,DRIVER030,SHIPMENT207,400000.00,PENDING
225,DRIVER020,SHIPMENT128,1600000.00,PENDING
226,DRIVER029,SHIPMENT482,9200000.00,CONFIRMED
227,DRIVER010,SHIPMENT017,6900000.00,PAID
228,DRIVER010,SHIPMENT305,6300000.00,PAID
229,DRIVER023,SHIPMENT205,6100000.00,CONFIRMED
230,DRIVER028,SHIPMENT308,2800000.00,CONFIRMED
349,DRIVER022,SHIPMENT694,3100000.00,PAID
231,DRIVER016,SHIPMENT151,8700000.00,CONFIRMED
232,DRIVER021,SHIPMENT652,700000.00,PAID
233,DRIVER010,SHIPMENT185,5300000.00,PENDING
234,DRIVER006,SHIPMENT127,1700000.00,PENDING
235,DRIVER022,SHIPMENT042,8300000.00,CONFIRMED
236,DRIVER006,SHIPMENT953,2100000.00,CONFIRMED
237,DRIVER017,SHIPMENT077,300000.00,PENDING
238,DRIVER026,SHIPMENT273,2700000.00,PAID
239,DRIVER034,SHIPMENT379,1200000.00,CONFIRMED
240,DRIVER033,SHIPMENT958,5400000.00,CONFIRMED
241,DRIVER030,SHIPMENT856,4200000.00,CONFIRMED
242,DRIVER022,SHIPMENT567,4800000.00,PAID
243,DRIVER018,SHIPMENT564,8300000.00,CONFIRMED
244,DRIVER016,SHIPMENT859,1300000.00,PAID
245,DRIVER032,SHIPMENT977,9500000.00,PAID
246,DRIVER019,SHIPMENT806,3000000.00,CONFIRMED
247,DRIVER017,SHIPMENT423,7100000.00,PAID
248,DRIVER027,SHIPMENT515,4500000.00,PAID
249,DRIVER017,SHIPMENT108,9200000.00,PAID
250,DRIVER012,SHIPMENT521,3400000.00,PENDING
251,DRIVER003,SHIPMENT030,5700000.00,CONFIRMED
252,DRIVER030,SHIPMENT623,1400000.00,PENDING
253,DRIVER002,SHIPMENT231,1800000.00,CONFIRMED
254,DRIVER020,SHIPMENT056,3800000.00,PAID
255,DRIVER030,SHIPMENT643,9100000.00,PAID
256,DRIVER030,SHIPMENT559,8900000.00,PENDING
257,DRIVER011,SHIPMENT013,6500000.00,PAID
258,DRIVER007,SHIPMENT430,2800000.00,CONFIRMED
259,DRIVER023,SHIPMENT178,7100000.00,PAID
260,DRIVER029,SHIPMENT867,9300000.00,CONFIRMED
261,DRIVER005,SHIPMENT283,2400000.00,CONFIRMED
262,DRIVER008,SHIPMENT663,8400000.00,PENDING
263,DRIVER023,SHIPMENT673,2900000.00,PAID
264,DRIVER023,SHIPMENT935,6100000.00,PENDING
265,DRIVER030,SHIPMENT490,7400000.00,PENDING
266,DRIVER034,SHIPMENT674,100000.00,PENDING
267,DRIVER018,SHIPMENT921,9700000.00,PAID
268,DRIVER002,SHIPMENT179,4400000.00,CONFIRMED
270,DRIVER009,SHIPMENT415,700000.00,PAID
271,DRIVER010,SHIPMENT834,5900000.00,PAID
272,DRIVER027,SHIPMENT426,8700000.00,CONFIRMED
273,DRIVER027,SHIPMENT558,7200000.00,PAID
274,DRIVER022,SHIPMENT440,7500000.00,CONFIRMED
275,DRIVER018,SHIPMENT330,6400000.00,PENDING
276,DRIVER028,SHIPMENT908,7000000.00,PAID
277,DRIVER011,SHIPMENT841,100000.00,PENDING
278,DRIVER013,SHIPMENT396,3800000.00,CONFIRMED
279,DRIVER031,SHIPMENT404,7200000.00,PENDING
280,DRIVER002,SHIPMENT633,6200000.00,PAID
281,DRIVER027,SHIPMENT690,6800000.00,CONFIRMED
283,DRIVER022,SHIPMENT391,5500000.00,PENDING
284,DRIVER027,SHIPMENT764,6100000.00,PAID
285,DRIVER030,SHIPMENT583,7400000.00,CONFIRMED
286,DRIVER008,SHIPMENT717,3000000.00,CONFIRMED
287,DRIVER003,SHIPMENT099,8600000.00,CONFIRMED
288,DRIVER011,SHIPMENT719,7100000.00,CONFIRMED
289,DRIVER020,SHIPMENT073,8300000.00,PENDING
290,DRIVER005,SHIPMENT505,9800000.00,PENDING
291,DRIVER001,SHIPMENT373,9700000.00,PAID
292,DRIVER003,SHIPMENT586,5800000.00,PAID
293,DRIVER011,SHIPMENT231,2100000.00,CONFIRMED
294,DRIVER005,SHIPMENT150,6400000.00,PAID
295,DRIVER017,SHIPMENT161,9100000.00,PAID
296,DRIVER034,SHIPMENT005,4700000.00,PAID
297,DRIVER023,SHIPMENT386,700000.00,PENDING
298,DRIVER035,SHIPMENT304,1000000.00,CONFIRMED
299,DRIVER017,SHIPMENT847,6900000.00,PAID
300,DRIVER034,SHIPMENT345,1800000.00,PAID
301,DRIVER017,SHIPMENT529,0.00,PAID
302,DRIVER002,SHIPMENT501,9200000.00,PAID
303,DRIVER009,SHIPMENT777,8200000.00,CONFIRMED
304,DRIVER014,SHIPMENT518,5100000.00,PENDING
305,DRIVER031,SHIPMENT894,4800000.00,PAID
306,DRIVER015,SHIPMENT440,8500000.00,CONFIRMED
307,DRIVER031,SHIPMENT995,2300000.00,CONFIRMED
308,DRIVER008,SHIPMENT956,6100000.00,PENDING
310,DRIVER018,SHIPMENT211,8700000.00,CONFIRMED
311,DRIVER005,SHIPMENT722,9400000.00,PAID
312,DRIVER016,SHIPMENT977,1700000.00,PAID
313,DRIVER029,SHIPMENT071,7000000.00,PENDING
314,DRIVER015,SHIPMENT297,4500000.00,CONFIRMED
315,DRIVER024,SHIPMENT102,3800000.00,PENDING
316,DRIVER032,SHIPMENT407,5900000.00,CONFIRMED
317,DRIVER017,SHIPMENT336,8000000.00,CONFIRMED
318,DRIVER033,SHIPMENT566,3400000.00,PENDING
319,DRIVER015,SHIPMENT987,2000000.00,CONFIRMED
320,DRIVER020,SHIPMENT851,8300000.00,PENDING
321,DRIVER010,SHIPMENT817,3400000.00,CONFIRMED
322,DRIVER014,SHIPMENT584,800000.00,PENDING
323,DRIVER030,SHIPMENT933,1600000.00,PAID
324,DRIVER026,SHIPMENT178,2300000.00,PAID
325,DRIVER022,SHIPMENT803,8300000.00,PENDING
326,DRIVER007,SHIPMENT908,9600000.00,PENDING
327,DRIVER032,SHIPMENT160,200000.00,PENDING
328,DRIVER035,SHIPMENT221,6700000.00,PAID
329,DRIVER011,SHIPMENT785,3900000.00,PAID
330,DRIVER017,SHIPMENT650,7000000.00,CONFIRMED
331,DRIVER024,SHIPMENT202,2300000.00,PENDING
332,DRIVER013,SHIPMENT019,3900000.00,PENDING
333,DRIVER003,SHIPMENT072,1900000.00,PENDING
334,DRIVER015,SHIPMENT941,600000.00,PENDING
335,DRIVER029,SHIPMENT051,5400000.00,PENDING
336,DRIVER005,SHIPMENT215,600000.00,PENDING
337,DRIVER012,SHIPMENT582,2000000.00,PENDING
338,DRIVER026,SHIPMENT976,9600000.00,PENDING
339,DRIVER007,SHIPMENT177,5900000.00,PAID
340,DRIVER024,SHIPMENT556,700000.00,CONFIRMED
341,DRIVER019,SHIPMENT488,7600000.00,PENDING
342,DRIVER028,SHIPMENT418,4600000.00,CONFIRMED
343,DRIVER008,SHIPMENT758,4900000.00,PAID
344,DRIVER030,SHIPMENT932,1200000.00,PENDING
345,DRIVER028,SHIPMENT882,1400000.00,PAID
346,DRIVER008,SHIPMENT067,7700000.00,PENDING
347,DRIVER006,SHIPMENT516,0.00,CONFIRMED
348,DRIVER029,SHIPMENT736,3100000.00,PENDING
350,DRIVER031,SHIPMENT190,4600000.00,CONFIRMED
351,DRIVER008,SHIPMENT882,1700000.00,PENDING
352,DRIVER008,SHIPMENT544,5500000.00,PAID
353,DRIVER002,SHIPMENT685,1300000.00,PENDING
354,DRIVER003,SHIPMENT272,3500000.00,PAID
355,DRIVER005,SHIPMENT374,200000.00,PAID
356,DRIVER024,SHIPMENT134,1100000.00,CONFIRMED
357,DRIVER027,SHIPMENT172,7400000.00,CONFIRMED
358,DRIVER005,SHIPMENT343,8500000.00,CONFIRMED
359,DRIVER018,SHIPMENT980,5900000.00,PAID
360,DRIVER011,SHIPMENT018,4700000.00,CONFIRMED
361,DRIVER014,SHIPMENT119,9700000.00,PAID
362,DRIVER004,SHIPMENT948,3400000.00,PAID
363,DRIVER027,SHIPMENT989,1700000.00,PENDING
364,DRIVER022,SHIPMENT068,4300000.00,PAID
365,DRIVER003,SHIPMENT453,3100000.00,PENDING
366,DRIVER002,SHIPMENT358,500000.00,PENDING
367,DRIVER034,SHIPMENT434,1400000.00,PENDING
368,DRIVER031,SHIPMENT743,1400000.00,PENDING
369,DRIVER022,SHIPMENT607,500000.00,PENDING
370,DRIVER010,SHIPMENT132,9000000.00,CONFIRMED
371,DRIVER031,SHIPMENT825,9600000.00,CONFIRMED
372,DRIVER027,SHIPMENT870,700000.00,PAID
373,DRIVER033,SHIPMENT929,8500000.00,PAID
374,DRIVER033,SHIPMENT330,2900000.00,CONFIRMED
375,DRIVER004,SHIPMENT531,5000000.00,PAID
376,DRIVER026,SHIPMENT867,5800000.00,CONFIRMED
377,DRIVER026,SHIPMENT893,4800000.00,PENDING
378,DRIVER021,SHIPMENT607,1600000.00,PAID
379,DRIVER035,SHIPMENT160,2900000.00,CONFIRMED
380,DRIVER031,SHIPMENT640,8900000.00,PAID
381,DRIVER025,SHIPMENT181,2900000.00,PENDING
382,DRIVER031,SHIPMENT453,3500000.00,CONFIRMED
383,DRIVER020,SHIPMENT020,100000.00,PENDING
384,DRIVER025,SHIPMENT646,5500000.00,PENDING
385,DRIVER026,SHIPMENT966,6700000.00,CONFIRMED
386,DRIVER012,SHIPMENT583,8200000.00,CONFIRMED
387,DRIVER022,SHIPMENT191,1800000.00,PAID
388,DRIVER034,SHIPMENT165,5700000.00,CONFIRMED
389,DRIVER033,SHIPMENT317,3000000.00,CONFIRMED
390,DRIVER024,SHIPMENT867,4700000.00,CONFIRMED
391,DRIVER026,SHIPMENT687,1100000.00,PAID
392,DRIVER032,SHIPMENT957,7100000.00,CONFIRMED
393,DRIVER026,SHIPMENT079,4000000.00,PENDING
394,DRIVER029,SHIPMENT556,0.00,PENDING
395,DRIVER029,SHIPMENT137,3400000.00,PENDING
396,DRIVER009,SHIPMENT284,9500000.00,PAID
397,DRIVER023,SHIPMENT649,9300000.00,CONFIRMED
398,DRIVER010,SHIPMENT106,6300000.00,PAID
399,DRIVER033,SHIPMENT212,4200000.00,CONFIRMED
400,DRIVER004,SHIPMENT341,6800000.00,PAID
401,DRIVER025,SHIPMENT494,5200000.00,CONFIRMED
402,DRIVER010,SHIPMENT846,8200000.00,PENDING
403,DRIVER018,SHIPMENT035,4200000.00,PAID
404,DRIVER011,SHIPMENT261,5300000.00,PENDING
405,DRIVER015,SHIPMENT022,7300000.00,PAID
406,DRIVER035,SHIPMENT944,9700000.00,CONFIRMED
407,DRIVER013,SHIPMENT516,6600000.00,PENDING
408,DRIVER009,SHIPMENT171,1300000.00,PENDING
409,DRIVER003,SHIPMENT605,3800000.00,PAID
410,DRIVER015,SHIPMENT816,1900000.00,PAID
411,DRIVER030,SHIPMENT991,1100000.00,CONFIRMED
412,DRIVER031,SHIPMENT356,9800000.00,CONFIRMED
413,DRIVER026,SHIPMENT165,9100000.00,PENDING
414,DRIVER029,SHIPMENT025,8600000.00,CONFIRMED
415,DRIVER001,SHIPMENT918,8300000.00,PAID
416,DRIVER032,SHIPMENT711,9900000.00,PAID
417,DRIVER032,SHIPMENT922,7200000.00,PAID
418,DRIVER013,SHIPMENT161,1100000.00,PENDING
419,DRIVER003,SHIPMENT369,3300000.00,CONFIRMED
420,DRIVER020,SHIPMENT905,3200000.00,PAID
421,DRIVER026,SHIPMENT633,6900000.00,PENDING
422,DRIVER007,SHIPMENT977,500000.00,PAID
423,DRIVER019,SHIPMENT379,9400000.00,PENDING
424,DRIVER028,SHIPMENT528,3200000.00,PENDING
425,DRIVER018,SHIPMENT650,900000.00,PENDING
426,DRIVER024,SHIPMENT527,3000000.00,PAID
427,DRIVER013,SHIPMENT651,7600000.00,CONFIRMED
428,DRIVER025,SHIPMENT007,3700000.00,PAID
429,DRIVER014,SHIPMENT576,5200000.00,PENDING
430,DRIVER010,SHIPMENT937,1800000.00,PENDING
431,DRIVER007,SHIPMENT537,4100000.00,PENDING
432,DRIVER012,SHIPMENT555,7200000.00,PENDING
433,DRIVER034,SHIPMENT433,6000000.00,PENDING
434,DRIVER027,SHIPMENT450,500000.00,PAID
435,DRIVER023,SHIPMENT215,700000.00,PENDING
436,DRIVER030,SHIPMENT894,8700000.00,PENDING
437,DRIVER022,SHIPMENT800,6800000.00,PENDING
438,DRIVER017,SHIPMENT936,2500000.00,PENDING
439,DRIVER005,SHIPMENT648,7800000.00,CONFIRMED
440,DRIVER003,SHIPMENT806,1300000.00,PAID
441,DRIVER022,SHIPMENT605,600000.00,CONFIRMED
442,DRIVER017,SHIPMENT803,6600000.00,PENDING
444,DRIVER034,SHIPMENT043,4500000.00,PAID
445,DRIVER016,SHIPMENT564,5000000.00,PAID
446,DRIVER023,SHIPMENT719,7500000.00,PAID
447,DRIVER016,SHIPMENT633,8400000.00,PENDING
448,DRIVER004,SHIPMENT210,4400000.00,PENDING
449,DRIVER010,SHIPMENT231,9100000.00,PAID
450,DRIVER031,SHIPMENT760,3100000.00,PAID
451,DRIVER006,SHIPMENT504,8300000.00,CONFIRMED
452,DRIVER031,SHIPMENT521,6100000.00,PENDING
453,DRIVER034,SHIPMENT180,1900000.00,PENDING
454,DRIVER015,SHIPMENT498,7200000.00,CONFIRMED
455,DRIVER008,SHIPMENT581,8100000.00,PAID
456,DRIVER024,SHIPMENT638,2700000.00,PENDING
457,DRIVER033,SHIPMENT591,5700000.00,PAID
458,DRIVER022,SHIPMENT586,9700000.00,PENDING
459,DRIVER024,SHIPMENT747,300000.00,PENDING
460,DRIVER010,SHIPMENT672,600000.00,PAID
461,DRIVER004,SHIPMENT867,7500000.00,PAID
462,DRIVER028,SHIPMENT674,2400000.00,PAID
463,DRIVER022,SHIPMENT804,1400000.00,PAID
464,DRIVER035,SHIPMENT888,7300000.00,PENDING
465,DRIVER025,SHIPMENT930,6300000.00,PENDING
466,DRIVER012,SHIPMENT260,4300000.00,PENDING
467,DRIVER018,SHIPMENT946,9900000.00,CONFIRMED
468,DRIVER016,SHIPMENT727,8900000.00,PAID
469,DRIVER018,SHIPMENT453,0.00,PAID
470,DRIVER024,SHIPMENT032,9700000.00,PENDING
471,DRIVER019,SHIPMENT189,8600000.00,PAID
472,DRIVER004,SHIPMENT003,8300000.00,CONFIRMED
473,DRIVER008,SHIPMENT719,700000.00,PAID
474,DRIVER035,SHIPMENT298,9800000.00,PAID
475,DRIVER026,SHIPMENT384,7000000.00,PAID
476,DRIVER010,SHIPMENT970,7300000.00,CONFIRMED
477,DRIVER014,SHIPMENT642,7200000.00,CONFIRMED
478,DRIVER022,SHIPMENT680,4500000.00,CONFIRMED
479,DRIVER013,SHIPMENT420,3500000.00,PENDING
480,DRIVER027,SHIPMENT935,900000.00,PAID
481,DRIVER024,SHIPMENT983,2400000.00,PAID
482,DRIVER019,SHIPMENT376,6800000.00,CONFIRMED
483,DRIVER023,SHIPMENT828,9700000.00,PENDING
484,DRIVER012,SHIPMENT671,2100000.00,PAID
485,DRIVER006,SHIPMENT041,3900000.00,PENDING
486,DRIVER012,SHIPMENT749,1000000.00,CONFIRMED
487,DRIVER026,SHIPMENT256,400000.00,CONFIRMED
488,DRIVER035,SHIPMENT764,1900000.00,PENDING
489,DRIVER013,SHIPMENT856,8700000.00,PAID
490,DRIVER014,SHIPMENT582,1100000.00,PAID
491,DRIVER012,SHIPMENT286,3600000.00,PENDING
492,DRIVER033,SHIPMENT098,9100000.00,PAID
493,DRIVER023,SHIPMENT952,500000.00,CONFIRMED
494,DRIVER025,SHIPMENT304,400000.00,PENDING
495,DRIVER005,SHIPMENT992,7100000.00,PENDING
496,DRIVER015,SHIPMENT356,2100000.00,CONFIRMED
497,DRIVER022,SHIPMENT342,5600000.00,CONFIRMED
498,DRIVER025,SHIPMENT984,3300000.00,PENDING
499,DRIVER023,SHIPMENT955,5000000.00,CONFIRMED
500,DRIVER027,SHIPMENT597,9400000.00,PENDING
501,DRIVER026,SHIPMENT975,9100000.00,PENDING
502,DRIVER018,SHIPMENT825,6300000.00,CONFIRMED
503,DRIVER006,SHIPMENT278,600000.00,CONFIRMED
504,DRIVER010,SHIPMENT877,2300000.00,CONFIRMED
505,DRIVER006,SHIPMENT425,3900000.00,PAID
506,DRIVER011,SHIPMENT790,9800000.00,CONFIRMED
507,DRIVER021,SHIPMENT609,4000000.00,PAID
508,DRIVER027,SHIPMENT664,7000000.00,CONFIRMED
509,DRIVER025,SHIPMENT139,4900000.00,PENDING
510,DRIVER019,SHIPMENT726,9400000.00,CONFIRMED
511,DRIVER032,SHIPMENT167,5800000.00,PENDING
512,DRIVER001,SHIPMENT304,8000000.00,PENDING
513,DRIVER006,SHIPMENT891,7800000.00,PENDING
514,DRIVER004,SHIPMENT429,4200000.00,PENDING
515,DRIVER029,SHIPMENT095,3800000.00,PAID
516,DRIVER008,SHIPMENT834,5600000.00,CONFIRMED
517,DRIVER027,SHIPMENT113,3900000.00,CONFIRMED
518,DRIVER026,SHIPMENT772,6200000.00,PAID
519,DRIVER027,SHIPMENT374,3400000.00,PAID
520,DRIVER001,SHIPMENT714,9200000.00,PENDING
521,DRIVER013,SHIPMENT389,800000.00,PENDING
522,DRIVER005,SHIPMENT622,0.00,PENDING
523,DRIVER032,SHIPMENT669,1700000.00,CONFIRMED
524,DRIVER016,SHIPMENT566,4700000.00,PAID
525,DRIVER010,SHIPMENT252,800000.00,PAID
526,DRIVER018,SHIPMENT304,9700000.00,PAID
527,DRIVER032,SHIPMENT405,100000.00,PENDING
528,DRIVER005,SHIPMENT273,6100000.00,PENDING
529,DRIVER031,SHIPMENT481,9600000.00,PENDING
530,DRIVER009,SHIPMENT370,4100000.00,PENDING
531,DRIVER021,SHIPMENT881,7100000.00,PENDING
532,DRIVER029,SHIPMENT348,6400000.00,CONFIRMED
533,DRIVER002,SHIPMENT515,600000.00,PENDING
534,DRIVER017,SHIPMENT493,8400000.00,PAID
535,DRIVER006,SHIPMENT797,6100000.00,PAID
536,DRIVER006,SHIPMENT679,4600000.00,PENDING
537,DRIVER003,SHIPMENT550,6100000.00,PENDING
538,DRIVER018,SHIPMENT550,8500000.00,CONFIRMED
539,DRIVER028,SHIPMENT145,9700000.00,CONFIRMED
540,DRIVER002,SHIPMENT317,8200000.00,PENDING
541,DRIVER003,SHIPMENT276,1300000.00,PENDING
542,DRIVER013,SHIPMENT249,5300000.00,CONFIRMED
543,DRIVER004,SHIPMENT881,4100000.00,PENDING
544,DRIVER035,SHIPMENT174,7600000.00,PENDING
545,DRIVER003,SHIPMENT322,4800000.00,CONFIRMED
546,DRIVER031,SHIPMENT923,7700000.00,PENDING
548,DRIVER027,SHIPMENT707,7200000.00,CONFIRMED
549,DRIVER005,SHIPMENT254,2000000.00,CONFIRMED
550,DRIVER023,SHIPMENT333,2800000.00,PAID
551,DRIVER019,SHIPMENT855,8700000.00,PENDING
552,DRIVER005,SHIPMENT086,4800000.00,PENDING
553,DRIVER008,SHIPMENT650,8700000.00,PAID
554,DRIVER018,SHIPMENT136,8300000.00,PAID
555,DRIVER004,SHIPMENT628,3400000.00,PAID
556,DRIVER024,SHIPMENT301,0.00,CONFIRMED
557,DRIVER019,SHIPMENT001,8800000.00,CONFIRMED
558,DRIVER029,SHIPMENT782,9200000.00,PAID
559,DRIVER006,SHIPMENT824,2900000.00,PENDING
560,DRIVER028,SHIPMENT392,2300000.00,CONFIRMED
561,DRIVER023,SHIPMENT912,5300000.00,PENDING
563,DRIVER016,SHIPMENT174,1400000.00,PAID
564,DRIVER033,SHIPMENT334,400000.00,CONFIRMED
565,DRIVER010,SHIPMENT195,8800000.00,PENDING
566,DRIVER030,SHIPMENT300,1800000.00,PAID
567,DRIVER016,SHIPMENT787,2500000.00,CONFIRMED
568,DRIVER002,SHIPMENT945,2600000.00,CONFIRMED
569,DRIVER035,SHIPMENT732,5500000.00,PAID
570,DRIVER020,SHIPMENT366,5500000.00,PAID
571,DRIVER031,SHIPMENT257,3700000.00,CONFIRMED
572,DRIVER019,SHIPMENT332,9700000.00,PAID
573,DRIVER003,SHIPMENT005,3600000.00,PENDING
574,DRIVER018,SHIPMENT736,5300000.00,PAID
575,DRIVER027,SHIPMENT145,1000000.00,PENDING
576,DRIVER014,SHIPMENT141,7700000.00,PENDING
577,DRIVER007,SHIPMENT645,4900000.00,PENDING
578,DRIVER028,SHIPMENT116,6900000.00,PENDING
579,DRIVER028,SHIPMENT259,5800000.00,CONFIRMED
580,DRIVER015,SHIPMENT835,8100000.00,CONFIRMED
581,DRIVER034,SHIPMENT003,1200000.00,CONFIRMED
582,DRIVER013,SHIPMENT740,4800000.00,PAID
583,DRIVER030,SHIPMENT835,9500000.00,PENDING
584,DRIVER028,SHIPMENT435,9700000.00,CONFIRMED
585,DRIVER015,SHIPMENT192,9500000.00,PAID
586,DRIVER003,SHIPMENT549,600000.00,PAID
587,DRIVER006,SHIPMENT918,1300000.00,PAID
588,DRIVER012,SHIPMENT334,4100000.00,CONFIRMED
589,DRIVER007,SHIPMENT413,8600000.00,PENDING
590,DRIVER026,SHIPMENT400,2400000.00,CONFIRMED
591,DRIVER024,SHIPMENT771,6100000.00,CONFIRMED
592,DRIVER004,SHIPMENT213,600000.00,PAID
593,DRIVER028,SHIPMENT204,1200000.00,CONFIRMED
594,DRIVER034,SHIPMENT344,4600000.00,PENDING
595,DRIVER032,SHIPMENT984,1900000.00,PENDING
596,DRIVER018,SHIPMENT670,3100000.00,PAID
597,DRIVER015,SHIPMENT378,3400000.00,PENDING
598,DRIVER020,SHIPMENT677,4800000.00,CONFIRMED
599,DRIVER005,SHIPMENT197,2800000.00,CONFIRMED
600,DRIVER003,SHIPMENT697,300000.00,PAID
601,DRIVER019,SHIPMENT757,3800000.00,CONFIRMED
602,DRIVER028,SHIPMENT788,7800000.00,PENDING
603,DRIVER016,SHIPMENT301,4000000.00,PAID
604,DRIVER005,SHIPMENT956,7800000.00,PENDING
605,DRIVER033,SHIPMENT552,2000000.00,PENDING
606,DRIVER018,SHIPMENT937,4900000.00,CONFIRMED
607,DRIVER015,SHIPMENT907,200000.00,CONFIRMED
608,DRIVER028,SHIPMENT268,8200000.00,PENDING
609,DRIVER029,SHIPMENT378,7200000.00,PENDING
610,DRIVER015,SHIPMENT076,9400000.00,CONFIRMED
611,DRIVER003,SHIPMENT509,4200000.00,PENDING
612,DRIVER028,SHIPMENT016,600000.00,PAID
613,DRIVER009,SHIPMENT449,5100000.00,PAID
614,DRIVER001,SHIPMENT825,2900000.00,CONFIRMED
615,DRIVER026,SHIPMENT350,8000000.00,PAID
616,DRIVER006,SHIPMENT589,4800000.00,PENDING
617,DRIVER006,SHIPMENT128,1800000.00,CONFIRMED
618,DRIVER026,SHIPMENT024,0.00,PENDING
619,DRIVER004,SHIPMENT742,300000.00,PAID
620,DRIVER015,SHIPMENT358,6900000.00,CONFIRMED
621,DRIVER011,SHIPMENT387,3800000.00,CONFIRMED
622,DRIVER031,SHIPMENT019,5800000.00,PENDING
623,DRIVER026,SHIPMENT029,3900000.00,PAID
624,DRIVER020,SHIPMENT389,6600000.00,CONFIRMED
625,DRIVER021,SHIPMENT637,7400000.00,CONFIRMED
626,DRIVER017,SHIPMENT253,7200000.00,CONFIRMED
627,DRIVER034,SHIPMENT080,1300000.00,CONFIRMED
628,DRIVER014,SHIPMENT623,2900000.00,PAID
629,DRIVER024,SHIPMENT269,6400000.00,PENDING
630,DRIVER031,SHIPMENT251,100000.00,CONFIRMED
631,DRIVER032,SHIPMENT478,6900000.00,PAID
632,DRIVER013,SHIPMENT186,7400000.00,PAID
633,DRIVER013,SHIPMENT962,4600000.00,PAID
634,DRIVER019,SHIPMENT771,4700000.00,PENDING
635,DRIVER018,SHIPMENT422,800000.00,CONFIRMED
636,DRIVER021,SHIPMENT098,7900000.00,PENDING
637,DRIVER028,SHIPMENT483,1000000.00,PAID
638,DRIVER002,SHIPMENT625,8800000.00,PAID
639,DRIVER019,SHIPMENT556,6300000.00,PENDING
640,DRIVER001,SHIPMENT968,3400000.00,PENDING
641,DRIVER002,SHIPMENT992,3900000.00,CONFIRMED
642,DRIVER008,SHIPMENT743,2700000.00,PAID
643,DRIVER006,SHIPMENT081,3700000.00,PENDING
644,DRIVER002,SHIPMENT841,1200000.00,CONFIRMED
645,DRIVER024,SHIPMENT965,3300000.00,PENDING
646,DRIVER004,SHIPMENT440,7100000.00,PENDING
647,DRIVER028,SHIPMENT055,1800000.00,PAID
648,DRIVER020,SHIPMENT885,7400000.00,PAID
649,DRIVER007,SHIPMENT604,5300000.00,PAID
650,DRIVER022,SHIPMENT168,7000000.00,PENDING
651,DRIVER010,SHIPMENT662,6600000.00,PAID
652,DRIVER015,SHIPMENT676,4900000.00,PENDING
653,DRIVER025,SHIPMENT427,1800000.00,PENDING
654,DRIVER010,SHIPMENT090,400000.00,PENDING
655,DRIVER009,SHIPMENT970,300000.00,PAID
656,DRIVER001,SHIPMENT853,7300000.00,CONFIRMED
658,DRIVER008,SHIPMENT792,300000.00,PAID
659,DRIVER012,SHIPMENT907,1000000.00,CONFIRMED
660,DRIVER005,SHIPMENT451,3300000.00,PAID
661,DRIVER033,SHIPMENT934,6300000.00,PENDING
662,DRIVER035,SHIPMENT537,7600000.00,PAID
663,DRIVER035,SHIPMENT524,1800000.00,PENDING
664,DRIVER033,SHIPMENT680,8100000.00,PAID
665,DRIVER028,SHIPMENT454,1600000.00,CONFIRMED
666,DRIVER033,SHIPMENT054,2900000.00,CONFIRMED
667,DRIVER001,SHIPMENT212,8300000.00,CONFIRMED
668,DRIVER012,SHIPMENT882,1200000.00,CONFIRMED
669,DRIVER016,SHIPMENT827,5900000.00,CONFIRMED
670,DRIVER002,SHIPMENT138,3500000.00,PAID
671,DRIVER030,SHIPMENT674,5600000.00,CONFIRMED
672,DRIVER030,SHIPMENT145,5400000.00,PAID
673,DRIVER014,SHIPMENT199,8100000.00,PENDING
674,DRIVER026,SHIPMENT485,900000.00,CONFIRMED
675,DRIVER032,SHIPMENT803,8700000.00,PAID
676,DRIVER006,SHIPMENT301,6700000.00,PAID
677,DRIVER023,SHIPMENT695,3200000.00,PENDING
678,DRIVER007,SHIPMENT240,1000000.00,PAID
679,DRIVER001,SHIPMENT637,5900000.00,PAID
680,DRIVER015,SHIPMENT168,6800000.00,PENDING
681,DRIVER027,SHIPMENT931,6000000.00,PAID
682,DRIVER031,SHIPMENT372,9400000.00,CONFIRMED
683,DRIVER006,SHIPMENT835,5500000.00,CONFIRMED
684,DRIVER005,SHIPMENT663,3600000.00,CONFIRMED
685,DRIVER028,SHIPMENT896,3300000.00,PAID
686,DRIVER016,SHIPMENT617,8500000.00,PENDING
687,DRIVER025,SHIPMENT937,8500000.00,CONFIRMED
688,DRIVER003,SHIPMENT372,8900000.00,PENDING
689,DRIVER003,SHIPMENT317,700000.00,PENDING
690,DRIVER030,SHIPMENT552,9000000.00,PENDING
691,DRIVER017,SHIPMENT759,3800000.00,PENDING
692,DRIVER009,SHIPMENT073,8400000.00,CONFIRMED
693,DRIVER002,SHIPMENT557,7000000.00,PENDING
694,DRIVER005,SHIPMENT194,5200000.00,PENDING
695,DRIVER024,SHIPMENT602,3600000.00,PENDING
696,DRIVER021,SHIPMENT381,7100000.00,PAID
697,DRIVER005,SHIPMENT279,2500000.00,CONFIRMED
698,DRIVER032,SHIPMENT330,9500000.00,PENDING
699,DRIVER013,SHIPMENT102,5800000.00,PAID
700,DRIVER035,SHIPMENT734,4000000.00,PENDING
701,DRIVER030,SHIPMENT238,9500000.00,PAID
702,DRIVER026,SHIPMENT647,9100000.00,PENDING
703,DRIVER017,SHIPMENT180,6300000.00,PAID
704,DRIVER007,SHIPMENT143,6200000.00,PAID
705,DRIVER025,SHIPMENT495,3000000.00,PENDING
706,DRIVER035,SHIPMENT571,800000.00,CONFIRMED
707,DRIVER016,SHIPMENT092,7800000.00,PAID
708,DRIVER035,SHIPMENT033,6700000.00,CONFIRMED
709,DRIVER014,SHIPMENT456,800000.00,CONFIRMED
710,DRIVER004,SHIPMENT719,2700000.00,PAID
711,DRIVER008,SHIPMENT213,8800000.00,PAID
712,DRIVER023,SHIPMENT466,3400000.00,PAID
713,DRIVER028,SHIPMENT450,9600000.00,PENDING
714,DRIVER026,SHIPMENT405,6900000.00,CONFIRMED
715,DRIVER027,SHIPMENT895,4300000.00,PENDING
716,DRIVER033,SHIPMENT453,6600000.00,CONFIRMED
717,DRIVER025,SHIPMENT222,3400000.00,PAID
718,DRIVER017,SHIPMENT304,9900000.00,PENDING
719,DRIVER034,SHIPMENT135,5900000.00,PAID
720,DRIVER014,SHIPMENT921,9300000.00,CONFIRMED
722,DRIVER018,SHIPMENT013,2600000.00,PAID
723,DRIVER003,SHIPMENT934,7500000.00,PAID
724,DRIVER023,SHIPMENT212,6000000.00,PAID
725,DRIVER019,SHIPMENT124,2400000.00,PENDING
726,DRIVER033,SHIPMENT973,4500000.00,PENDING
727,DRIVER028,SHIPMENT139,6000000.00,PAID
728,DRIVER004,SHIPMENT890,3300000.00,PENDING
729,DRIVER012,SHIPMENT568,3600000.00,CONFIRMED
730,DRIVER009,SHIPMENT836,9800000.00,CONFIRMED
731,DRIVER011,SHIPMENT726,9800000.00,PAID
732,DRIVER024,SHIPMENT745,7400000.00,PENDING
733,DRIVER027,SHIPMENT342,4400000.00,PAID
734,DRIVER012,SHIPMENT765,6300000.00,PENDING
735,DRIVER003,SHIPMENT747,5300000.00,PENDING
736,DRIVER022,SHIPMENT064,1600000.00,CONFIRMED
737,DRIVER026,SHIPMENT074,4500000.00,CONFIRMED
738,DRIVER005,SHIPMENT585,4100000.00,PENDING
739,DRIVER032,SHIPMENT757,1800000.00,PAID
740,DRIVER013,SHIPMENT978,9900000.00,CONFIRMED
741,DRIVER030,SHIPMENT165,2600000.00,CONFIRMED
742,DRIVER023,SHIPMENT453,9600000.00,PENDING
743,DRIVER024,SHIPMENT031,2500000.00,PAID
744,DRIVER026,SHIPMENT583,4700000.00,PENDING
745,DRIVER020,SHIPMENT359,800000.00,CONFIRMED
746,DRIVER021,SHIPMENT489,6900000.00,PENDING
747,DRIVER017,SHIPMENT312,5400000.00,CONFIRMED
748,DRIVER029,SHIPMENT638,2000000.00,PENDING
749,DRIVER005,SHIPMENT693,7200000.00,CONFIRMED
750,DRIVER013,SHIPMENT288,6500000.00,PENDING
751,DRIVER016,SHIPMENT706,3000000.00,CONFIRMED
752,DRIVER024,SHIPMENT240,8700000.00,PENDING
753,DRIVER010,SHIPMENT996,2100000.00,PENDING
754,DRIVER009,SHIPMENT639,8500000.00,PENDING
755,DRIVER013,SHIPMENT345,4700000.00,CONFIRMED
756,DRIVER018,SHIPMENT264,7400000.00,PAID
757,DRIVER011,SHIPMENT087,8200000.00,CONFIRMED
758,DRIVER002,SHIPMENT024,4600000.00,PENDING
759,DRIVER035,SHIPMENT473,8300000.00,PENDING
760,DRIVER021,SHIPMENT636,7600000.00,CONFIRMED
761,DRIVER026,SHIPMENT268,8100000.00,PENDING
762,DRIVER023,SHIPMENT997,6200000.00,PENDING
763,DRIVER030,SHIPMENT089,9500000.00,CONFIRMED
764,DRIVER018,SHIPMENT832,5500000.00,PENDING
765,DRIVER020,SHIPMENT979,7900000.00,PAID
766,DRIVER004,SHIPMENT967,9400000.00,PENDING
767,DRIVER035,SHIPMENT129,2100000.00,PENDING
768,DRIVER004,SHIPMENT137,7900000.00,PAID
769,DRIVER028,SHIPMENT770,3600000.00,PAID
770,DRIVER030,SHIPMENT737,7500000.00,CONFIRMED
771,DRIVER004,SHIPMENT752,7100000.00,PENDING
772,DRIVER009,SHIPMENT491,9600000.00,PENDING
773,DRIVER012,SHIPMENT058,4800000.00,PAID
774,DRIVER011,SHIPMENT676,4200000.00,PENDING
775,DRIVER002,SHIPMENT177,4700000.00,PAID
776,DRIVER006,SHIPMENT010,3600000.00,PAID
777,DRIVER006,SHIPMENT559,5500000.00,PENDING
778,DRIVER016,SHIPMENT117,1000000.00,PAID
779,DRIVER024,SHIPMENT068,8700000.00,PENDING
780,DRIVER013,SHIPMENT634,2000000.00,CONFIRMED
781,DRIVER004,SHIPMENT840,6400000.00,PAID
782,DRIVER002,SHIPMENT182,2700000.00,CONFIRMED
783,DRIVER007,SHIPMENT239,7000000.00,CONFIRMED
784,DRIVER013,SHIPMENT046,1000000.00,PAID
785,DRIVER025,SHIPMENT606,2300000.00,CONFIRMED
786,DRIVER002,SHIPMENT913,1300000.00,PAID
787,DRIVER008,SHIPMENT268,4300000.00,CONFIRMED
788,DRIVER012,SHIPMENT071,7600000.00,PAID
789,DRIVER014,SHIPMENT273,5400000.00,PENDING
790,DRIVER019,SHIPMENT605,700000.00,PENDING
791,DRIVER001,SHIPMENT431,4200000.00,CONFIRMED
792,DRIVER015,SHIPMENT319,8400000.00,PENDING
793,DRIVER017,SHIPMENT808,5300000.00,PAID
794,DRIVER027,SHIPMENT992,2300000.00,PENDING
795,DRIVER034,SHIPMENT512,5400000.00,CONFIRMED
796,DRIVER033,SHIPMENT458,1200000.00,CONFIRMED
797,DRIVER003,SHIPMENT418,9200000.00,PENDING
798,DRIVER008,SHIPMENT163,7500000.00,PAID
799,DRIVER007,SHIPMENT132,5500000.00,PAID
800,DRIVER035,SHIPMENT191,1100000.00,PAID
801,DRIVER034,SHIPMENT161,5700000.00,CONFIRMED
802,DRIVER031,SHIPMENT988,5100000.00,PENDING
803,DRIVER015,SHIPMENT918,4600000.00,CONFIRMED
804,DRIVER030,SHIPMENT381,5100000.00,PAID
805,DRIVER021,SHIPMENT577,4000000.00,PAID
806,DRIVER022,SHIPMENT480,6200000.00,CONFIRMED
807,DRIVER034,SHIPMENT082,2400000.00,PENDING
808,DRIVER013,SHIPMENT728,9400000.00,CONFIRMED
809,DRIVER029,SHIPMENT763,2200000.00,CONFIRMED
810,DRIVER035,SHIPMENT639,3400000.00,CONFIRMED
811,DRIVER016,SHIPMENT312,2500000.00,PAID
812,DRIVER014,SHIPMENT548,9900000.00,PENDING
813,DRIVER019,SHIPMENT896,9900000.00,CONFIRMED
814,DRIVER001,SHIPMENT628,9600000.00,CONFIRMED
815,DRIVER005,SHIPMENT196,8100000.00,CONFIRMED
816,DRIVER002,SHIPMENT603,5000000.00,PAID
817,DRIVER022,SHIPMENT664,9100000.00,PENDING
818,DRIVER018,SHIPMENT331,8100000.00,CONFIRMED
819,DRIVER013,SHIPMENT058,8500000.00,PENDING
820,DRIVER025,SHIPMENT403,6800000.00,PAID
821,DRIVER006,SHIPMENT658,5100000.00,PENDING
822,DRIVER034,SHIPMENT186,2200000.00,PAID
823,DRIVER001,SHIPMENT030,1200000.00,PAID
824,DRIVER022,SHIPMENT678,5400000.00,CONFIRMED
825,DRIVER034,SHIPMENT263,3300000.00,CONFIRMED
827,DRIVER010,SHIPMENT973,5900000.00,PAID
828,DRIVER028,SHIPMENT252,9300000.00,PENDING
829,DRIVER004,SHIPMENT012,400000.00,PENDING
830,DRIVER020,SHIPMENT987,3400000.00,PENDING
831,DRIVER032,SHIPMENT518,7200000.00,CONFIRMED
832,DRIVER009,SHIPMENT328,3000000.00,CONFIRMED
833,DRIVER016,SHIPMENT717,300000.00,PAID
834,DRIVER014,SHIPMENT552,6700000.00,CONFIRMED
835,DRIVER014,SHIPMENT337,3200000.00,PAID
836,DRIVER021,SHIPMENT654,3800000.00,PENDING
837,DRIVER001,SHIPMENT343,1700000.00,PAID
838,DRIVER017,SHIPMENT401,4300000.00,CONFIRMED
839,DRIVER010,SHIPMENT592,5300000.00,CONFIRMED
840,DRIVER033,SHIPMENT536,5100000.00,PENDING
841,DRIVER034,SHIPMENT217,5300000.00,PAID
842,DRIVER028,SHIPMENT828,4300000.00,PENDING
843,DRIVER008,SHIPMENT062,2500000.00,CONFIRMED
844,DRIVER011,SHIPMENT665,9600000.00,PAID
846,DRIVER030,SHIPMENT679,6400000.00,PENDING
847,DRIVER016,SHIPMENT105,4900000.00,PAID
848,DRIVER032,SHIPMENT258,6000000.00,PENDING
849,DRIVER029,SHIPMENT140,3800000.00,PAID
850,DRIVER013,SHIPMENT544,9000000.00,PAID
851,DRIVER022,SHIPMENT787,5000000.00,PAID
852,DRIVER012,SHIPMENT421,500000.00,PENDING
853,DRIVER025,SHIPMENT057,5500000.00,PENDING
854,DRIVER034,SHIPMENT645,500000.00,PAID
855,DRIVER022,SHIPMENT730,1500000.00,PENDING
856,DRIVER007,SHIPMENT662,6500000.00,PAID
857,DRIVER003,SHIPMENT069,8600000.00,PENDING
858,DRIVER021,SHIPMENT971,3100000.00,PAID
859,DRIVER029,SHIPMENT353,2300000.00,CONFIRMED
860,DRIVER028,SHIPMENT521,8400000.00,CONFIRMED
861,DRIVER008,SHIPMENT624,3500000.00,PAID
862,DRIVER022,SHIPMENT143,8600000.00,PAID
864,DRIVER012,SHIPMENT701,6800000.00,PENDING
865,DRIVER029,SHIPMENT925,8500000.00,CONFIRMED
866,DRIVER025,SHIPMENT735,6700000.00,PENDING
867,DRIVER001,SHIPMENT663,9000000.00,PAID
868,DRIVER012,SHIPMENT371,7600000.00,PENDING
869,DRIVER010,SHIPMENT930,7500000.00,PAID
870,DRIVER029,SHIPMENT910,8900000.00,CONFIRMED
871,DRIVER014,SHIPMENT191,100000.00,PAID
872,DRIVER023,SHIPMENT150,2300000.00,PAID
873,DRIVER028,SHIPMENT319,5100000.00,PAID
874,DRIVER015,SHIPMENT190,8900000.00,PAID
875,DRIVER026,SHIPMENT677,600000.00,PAID
876,DRIVER033,SHIPMENT824,6500000.00,PENDING
877,DRIVER010,SHIPMENT226,9500000.00,PENDING
878,DRIVER033,SHIPMENT665,3800000.00,CONFIRMED
879,DRIVER001,SHIPMENT568,9000000.00,PENDING
880,DRIVER017,SHIPMENT398,5800000.00,CONFIRMED
881,DRIVER018,SHIPMENT359,900000.00,CONFIRMED
882,DRIVER001,SHIPMENT706,9700000.00,CONFIRMED
883,DRIVER035,SHIPMENT586,6600000.00,PAID
884,DRIVER011,SHIPMENT858,2200000.00,PAID
885,DRIVER010,SHIPMENT756,9300000.00,PENDING
886,DRIVER033,SHIPMENT110,8100000.00,CONFIRMED
888,DRIVER035,SHIPMENT539,9200000.00,CONFIRMED
889,DRIVER034,SHIPMENT607,6600000.00,CONFIRMED
890,DRIVER007,SHIPMENT722,5900000.00,PAID
891,DRIVER014,SHIPMENT335,8300000.00,CONFIRMED
892,DRIVER035,SHIPMENT845,6800000.00,PAID
893,DRIVER008,SHIPMENT835,1300000.00,CONFIRMED
894,DRIVER009,SHIPMENT716,3800000.00,PENDING
895,DRIVER018,SHIPMENT607,6200000.00,PAID
896,DRIVER001,SHIPMENT474,3200000.00,PENDING
897,DRIVER006,SHIPMENT758,5200000.00,PENDING
898,DRIVER028,SHIPMENT299,4400000.00,CONFIRMED
899,DRIVER015,SHIPMENT949,3100000.00,CONFIRMED
900,DRIVER006,SHIPMENT802,2600000.00,PAID
901,DRIVER005,SHIPMENT127,400000.00,CONFIRMED
902,DRIVER018,SHIPMENT243,6600000.00,CONFIRMED
903,DRIVER020,SHIPMENT780,9500000.00,PAID
904,DRIVER029,SHIPMENT009,5900000.00,CONFIRMED
905,DRIVER022,SHIPMENT454,9100000.00,PENDING
906,DRIVER033,SHIPMENT677,4500000.00,PENDING
907,DRIVER006,SHIPMENT683,4000000.00,CONFIRMED
908,DRIVER001,SHIPMENT358,8600000.00,PENDING
909,DRIVER005,SHIPMENT584,2500000.00,PENDING
910,DRIVER033,SHIPMENT214,3500000.00,PENDING
911,DRIVER027,SHIPMENT726,300000.00,PAID
912,DRIVER012,SHIPMENT217,9800000.00,PAID
913,DRIVER014,SHIPMENT573,400000.00,CONFIRMED
914,DRIVER026,SHIPMENT194,3200000.00,CONFIRMED
915,DRIVER014,SHIPMENT852,6700000.00,PAID
916,DRIVER028,SHIPMENT938,1300000.00,PAID
917,DRIVER032,SHIPMENT835,2500000.00,PENDING
918,DRIVER029,SHIPMENT816,4000000.00,PENDING
919,DRIVER021,SHIPMENT843,5200000.00,PENDING
921,DRIVER028,SHIPMENT325,0.00,PENDING
922,DRIVER031,SHIPMENT352,8800000.00,PENDING
923,DRIVER015,SHIPMENT635,3900000.00,CONFIRMED
924,DRIVER004,SHIPMENT649,4000000.00,CONFIRMED
925,DRIVER015,SHIPMENT392,7100000.00,PENDING
926,DRIVER024,SHIPMENT084,4500000.00,CONFIRMED
927,DRIVER026,SHIPMENT417,1200000.00,PAID
928,DRIVER008,SHIPMENT590,7400000.00,PENDING
929,DRIVER013,SHIPMENT636,9000000.00,PAID
930,DRIVER035,SHIPMENT133,3700000.00,PAID
931,DRIVER029,SHIPMENT326,5600000.00,CONFIRMED
932,DRIVER029,SHIPMENT653,6000000.00,CONFIRMED
933,DRIVER008,SHIPMENT611,3800000.00,CONFIRMED
934,DRIVER012,SHIPMENT518,1200000.00,CONFIRMED
935,DRIVER033,SHIPMENT670,7400000.00,CONFIRMED
936,DRIVER002,SHIPMENT083,900000.00,PAID
937,DRIVER029,SHIPMENT518,7500000.00,CONFIRMED
938,DRIVER008,SHIPMENT703,5600000.00,PENDING
939,DRIVER002,SHIPMENT227,8900000.00,PENDING
940,DRIVER007,SHIPMENT291,4600000.00,PENDING
941,DRIVER011,SHIPMENT417,200000.00,CONFIRMED
942,DRIVER033,SHIPMENT857,8400000.00,PAID
943,DRIVER006,SHIPMENT293,2700000.00,PAID
944,DRIVER019,SHIPMENT635,7100000.00,CONFIRMED
945,DRIVER020,SHIPMENT666,300000.00,PENDING
946,DRIVER027,SHIPMENT510,2200000.00,PAID
947,DRIVER008,SHIPMENT385,3300000.00,PAID
948,DRIVER031,SHIPMENT207,7000000.00,PAID
949,DRIVER003,SHIPMENT328,6300000.00,CONFIRMED
950,DRIVER035,SHIPMENT689,9100000.00,PAID
951,DRIVER013,SHIPMENT365,4200000.00,PAID
952,DRIVER027,SHIPMENT937,4200000.00,PENDING
953,DRIVER034,SHIPMENT145,7100000.00,PAID
954,DRIVER005,SHIPMENT176,4300000.00,PAID
955,DRIVER013,SHIPMENT888,9200000.00,CONFIRMED
956,DRIVER029,SHIPMENT430,3100000.00,CONFIRMED
957,DRIVER012,SHIPMENT225,9300000.00,CONFIRMED
958,DRIVER033,SHIPMENT815,6500000.00,PENDING
959,DRIVER015,SHIPMENT435,100000.00,PENDING
960,DRIVER021,SHIPMENT234,2800000.00,PAID
961,DRIVER020,SHIPMENT746,800000.00,CONFIRMED
962,DRIVER018,SHIPMENT853,600000.00,PAID
963,DRIVER001,SHIPMENT193,900000.00,CONFIRMED
964,DRIVER026,SHIPMENT938,9500000.00,PENDING
965,DRIVER025,SHIPMENT919,9200000.00,PAID
966,DRIVER011,SHIPMENT825,9600000.00,CONFIRMED
967,DRIVER001,SHIPMENT796,8600000.00,PENDING
968,DRIVER018,SHIPMENT413,6900000.00,PENDING
969,DRIVER002,SHIPMENT664,1700000.00,CONFIRMED
970,DRIVER035,SHIPMENT695,8500000.00,PAID
971,DRIVER030,SHIPMENT466,6100000.00,PAID
972,DRIVER010,SHIPMENT822,4000000.00,PAID
973,DRIVER019,SHIPMENT773,600000.00,CONFIRMED
974,DRIVER033,SHIPMENT924,7600000.00,CONFIRMED
975,DRIVER025,SHIPMENT118,8300000.00,CONFIRMED
976,DRIVER018,SHIPMENT005,8800000.00,CONFIRMED
977,DRIVER035,SHIPMENT610,2000000.00,PENDING
978,DRIVER035,SHIPMENT331,6500000.00,CONFIRMED
979,DRIVER006,SHIPMENT511,8700000.00,CONFIRMED
980,DRIVER019,SHIPMENT930,1400000.00,PENDING
982,DRIVER016,SHIPMENT459,4400000.00,PAID
983,DRIVER021,SHIPMENT373,5500000.00,PAID
984,DRIVER020,SHIPMENT924,3000000.00,PAID
985,DRIVER016,SHIPMENT724,5000000.00,PAID
986,DRIVER027,SHIPMENT253,4500000.00,PAID
987,DRIVER001,SHIPMENT246,3700000.00,PAID
988,DRIVER032,SHIPMENT707,3800000.00,CONFIRMED
989,DRIVER020,SHIPMENT941,3700000.00,PAID
990,DRIVER021,SHIPMENT537,7600000.00,CONFIRMED
991,DRIVER032,SHIPMENT875,2500000.00,CONFIRMED
992,DRIVER035,SHIPMENT442,4000000.00,CONFIRMED
993,DRIVER032,SHIPMENT854,2100000.00,PENDING
994,DRIVER022,SHIPMENT343,4700000.00,PAID
995,DRIVER035,SHIPMENT871,2800000.00,PENDING
996,DRIVER023,SHIPMENT756,3700000.00,PENDING
997,DRIVER026,SHIPMENT905,7600000.00,PENDING
998,DRIVER017,SHIPMENT899,1300000.00,CONFIRMED
1000,DRIVER001,SHIPMENT145,8400000.00,PENDING
