"shipment_no","shipment_date","shipment_status"
SHIPMENT001,2024-03-24,DONE
SHIPMENT002,2024-02-08,RUNNING
SHIPMENT003,2024-03-27,RUNNING
SHIPMENT004,2024-02-22,RUNNING
SHIPMENT005,2024-03-21,CANCELLED
SHIPMENT006,2024-03-21,DONE
SHIPMENT007,2024-02-08,CANCELLED
SHIPMENT008,2024-02-20,DONE
SHIPMENT009,2024-03-23,DONE
SHIPMENT010,2024-02-09,DONE
SHIPMENT011,2024-02-27,DONE
SHIPMENT012,2024-03-09,DONE
SHIPMENT013,2024-02-21,CANCELLED
SHIPMENT014,2024-03-17,RUNNING
SHIPMENT015,2024-03-02,DONE
SHIPMENT016,2024-03-17,RUNNING
SHIPMENT017,2024-03-29,DONE
SHIPMENT018,2024-03-21,CANCELLED
SHIPMENT019,2024-03-29,RUNNING
SHIPMENT020,2024-03-13,DONE
SHIPMENT021,2024-02-10,CANCELLED
SHIPMENT022,2024-02-09,RUNNING
SHIPMENT023,2024-03-04,DONE
SHIPMENT024,2024-02-25,RUNNING
SHIPMENT025,2024-02-16,CANCELLED
SHIPMENT026,2024-03-23,RUNNING
SHIPMENT027,2024-02-14,DONE
SHIPMENT028,2024-03-22,DONE
SHIPMENT029,2024-03-27,RUNNING
SHIPMENT030,2024-02-15,RUNNING
SHIPMENT031,2024-03-30,CANCELLED
SHIPMENT032,2024-03-29,CANCELLED
SHIPMENT033,2024-03-06,CANCELLED
SHIPMENT034,2024-02-22,RUNNING
SHIPMENT035,2024-03-20,DONE
SHIPMENT036,2024-03-09,RUNNING
SHIPMENT037,2024-03-08,RUNNING
SHIPMENT038,2024-03-22,CANCELLED
SHIPMENT039,2024-02-06,CANCELLED
SHIPMENT040,2024-03-25,DONE
SHIPMENT041,2024-02-17,RUNNING
SHIPMENT042,2024-02-22,CANCELLED
SHIPMENT043,2024-02-20,DONE
SHIPMENT044,2024-03-28,RUNNING
SHIPMENT045,2024-02-25,DONE
SHIPMENT046,2024-02-04,DONE
SHIPMENT047,2024-03-14,DONE
SHIPMENT048,2024-02-21,RUNNING
SHIPMENT049,2024-02-14,DONE
SHIPMENT050,2024-03-16,CANCELLED
SHIPMENT051,2024-03-22,CANCELLED
SHIPMENT052,2024-02-16,RUNNING
SHIPMENT053,2024-02-07,RUNNING
SHIPMENT054,2024-02-23,CANCELLED
SHIPMENT055,2024-02-13,CANCELLED
SHIPMENT056,2024-03-04,CANCELLED
SHIPMENT057,2024-02-12,DONE
SHIPMENT058,2024-03-18,CANCELLED
SHIPMENT059,2024-03-20,DONE
SHIPMENT060,2024-02-11,DONE
SHIPMENT061,2024-03-12,RUNNING
SHIPMENT062,2024-03-24,RUNNING
SHIPMENT063,2024-03-14,DONE
SHIPMENT064,2024-03-20,CANCELLED
SHIPMENT065,2024-03-18,RUNNING
SHIPMENT066,2024-02-06,CANCELLED
SHIPMENT067,2024-02-23,RUNNING
SHIPMENT068,2024-03-12,DONE
SHIPMENT069,2024-02-23,RUNNING
SHIPMENT070,2024-03-08,CANCELLED
SHIPMENT071,2024-03-17,DONE
SHIPMENT072,2024-03-24,CANCELLED
SHIPMENT073,2024-03-08,RUNNING
SHIPMENT074,2024-02-26,DONE
SHIPMENT075,2024-02-08,DONE
SHIPMENT076,2024-02-11,DONE
SHIPMENT077,2024-02-04,RUNNING
SHIPMENT078,2024-03-21,DONE
SHIPMENT079,2024-03-05,CANCELLED
SHIPMENT080,2024-02-09,DONE
SHIPMENT081,2024-02-20,DONE
SHIPMENT082,2024-02-27,CANCELLED
SHIPMENT083,2024-02-25,DONE
SHIPMENT084,2024-03-07,RUNNING
SHIPMENT085,2024-03-16,DONE
SHIPMENT086,2024-02-19,DONE
SHIPMENT087,2024-03-06,CANCELLED
SHIPMENT088,2024-02-18,CANCELLED
SHIPMENT089,2024-02-21,CANCELLED
SHIPMENT090,2024-03-09,CANCELLED
SHIPMENT091,2024-02-28,DONE
SHIPMENT092,2024-03-09,CANCELLED
SHIPMENT093,2024-02-29,CANCELLED
SHIPMENT094,2024-03-18,RUNNING
SHIPMENT095,2024-02-06,RUNNING
SHIPMENT096,2024-02-16,RUNNING
SHIPMENT097,2024-03-08,RUNNING
SHIPMENT098,2024-02-12,RUNNING
SHIPMENT099,2024-03-16,DONE
SHIPMENT100,2024-02-18,CANCELLED
SHIPMENT101,2024-03-09,RUNNING
SHIPMENT102,2024-02-27,DONE
SHIPMENT103,2024-03-21,RUNNING
SHIPMENT104,2024-03-22,CANCELLED
SHIPMENT105,2024-02-14,DONE
SHIPMENT106,2024-02-07,RUNNING
SHIPMENT107,2024-03-21,DONE
SHIPMENT108,2024-03-16,DONE
SHIPMENT109,2024-03-24,DONE
SHIPMENT110,2024-02-11,RUNNING
SHIPMENT111,2024-02-13,CANCELLED
SHIPMENT112,2024-03-05,DONE
SHIPMENT113,2024-03-16,CANCELLED
SHIPMENT114,2024-02-17,RUNNING
SHIPMENT115,2024-03-19,CANCELLED
SHIPMENT116,2024-04-03,RUNNING
SHIPMENT117,2024-03-01,CANCELLED
SHIPMENT118,2024-03-28,RUNNING
SHIPMENT119,2024-03-10,RUNNING
SHIPMENT120,2024-02-27,CANCELLED
SHIPMENT121,2024-02-26,DONE
SHIPMENT122,2024-03-30,CANCELLED
SHIPMENT123,2024-03-26,CANCELLED
SHIPMENT124,2024-04-01,RUNNING
SHIPMENT125,2024-03-31,DONE
SHIPMENT126,2024-03-05,RUNNING
SHIPMENT127,2024-02-04,RUNNING
SHIPMENT128,2024-04-02,RUNNING
SHIPMENT129,2024-03-26,CANCELLED
SHIPMENT130,2024-03-11,RUNNING
SHIPMENT131,2024-02-27,RUNNING
SHIPMENT132,2024-03-11,RUNNING
SHIPMENT133,2024-03-20,RUNNING
SHIPMENT134,2024-02-06,RUNNING
SHIPMENT135,2024-02-07,DONE
SHIPMENT136,2024-03-15,DONE
SHIPMENT137,2024-03-18,RUNNING
SHIPMENT138,2024-03-17,RUNNING
SHIPMENT139,2024-03-01,DONE
SHIPMENT140,2024-03-20,RUNNING
SHIPMENT141,2024-02-27,RUNNING
SHIPMENT142,2024-03-03,DONE
SHIPMENT143,2024-03-01,DONE
SHIPMENT144,2024-02-18,CANCELLED
SHIPMENT145,2024-02-04,DONE
SHIPMENT146,2024-02-08,DONE
SHIPMENT147,2024-02-12,RUNNING
SHIPMENT148,2024-03-08,DONE
SHIPMENT149,2024-02-04,RUNNING
SHIPMENT150,2024-03-20,CANCELLED
SHIPMENT151,2024-03-28,RUNNING
SHIPMENT152,2024-02-11,RUNNING
SHIPMENT153,2024-03-25,RUNNING
SHIPMENT154,2024-03-22,CANCELLED
SHIPMENT155,2024-03-04,DONE
SHIPMENT156,2024-02-24,RUNNING
SHIPMENT157,2024-03-26,RUNNING
SHIPMENT158,2024-03-19,RUNNING
SHIPMENT159,2024-03-21,DONE
SHIPMENT160,2024-03-15,CANCELLED
SHIPMENT161,2024-03-03,DONE
SHIPMENT162,2024-03-04,DONE
SHIPMENT163,2024-02-14,DONE
SHIPMENT164,2024-03-14,DONE
SHIPMENT165,2024-02-24,CANCELLED
SHIPMENT166,2024-03-16,CANCELLED
SHIPMENT167,2024-02-23,RUNNING
SHIPMENT168,2024-03-10,DONE
SHIPMENT169,2024-02-08,DONE
SHIPMENT170,2024-02-05,DONE
SHIPMENT171,2024-02-04,CANCELLED
SHIPMENT172,2024-02-24,CANCELLED
SHIPMENT173,2024-02-04,RUNNING
SHIPMENT174,2024-03-19,RUNNING
SHIPMENT175,2024-02-08,DONE
SHIPMENT176,2024-02-29,RUNNING
SHIPMENT177,2024-04-02,RUNNING
SHIPMENT178,2024-03-20,RUNNING
SHIPMENT179,2024-03-30,CANCELLED
SHIPMENT180,2024-03-05,DONE
SHIPMENT181,2024-02-13,RUNNING
SHIPMENT182,2024-02-19,RUNNING
SHIPMENT183,2024-02-21,CANCELLED
SHIPMENT184,2024-03-21,CANCELLED
SHIPMENT185,2024-03-08,CANCELLED
SHIPMENT186,2024-02-22,RUNNING
SHIPMENT187,2024-03-29,RUNNING
SHIPMENT188,2024-03-13,DONE
SHIPMENT189,2024-03-05,RUNNING
SHIPMENT190,2024-02-09,CANCELLED
SHIPMENT191,2024-03-13,RUNNING
SHIPMENT192,2024-02-25,DONE
SHIPMENT193,2024-03-05,CANCELLED
SHIPMENT194,2024-02-08,CANCELLED
SHIPMENT195,2024-02-23,CANCELLED
SHIPMENT196,2024-02-08,DONE
SHIPMENT197,2024-03-14,DONE
SHIPMENT198,2024-03-20,DONE
SHIPMENT199,2024-03-26,CANCELLED
SHIPMENT200,2024-04-01,DONE
SHIPMENT201,2024-04-03,CANCELLED
SHIPMENT202,2024-02-25,DONE
SHIPMENT203,2024-03-31,DONE
SHIPMENT204,2024-02-17,DONE
SHIPMENT205,2024-02-18,RUNNING
SHIPMENT206,2024-02-06,RUNNING
SHIPMENT207,2024-03-09,DONE
SHIPMENT208,2024-03-18,CANCELLED
SHIPMENT209,2024-03-02,DONE
SHIPMENT210,2024-02-16,RUNNING
SHIPMENT211,2024-02-12,RUNNING
SHIPMENT212,2024-02-18,DONE
SHIPMENT213,2024-03-11,CANCELLED
SHIPMENT214,2024-02-08,DONE
SHIPMENT215,2024-03-11,DONE
SHIPMENT216,2024-02-23,CANCELLED
SHIPMENT217,2024-03-25,DONE
SHIPMENT218,2024-02-12,DONE
SHIPMENT219,2024-03-23,RUNNING
SHIPMENT220,2024-02-06,CANCELLED
SHIPMENT221,2024-02-22,RUNNING
SHIPMENT222,2024-03-26,DONE
SHIPMENT223,2024-04-01,CANCELLED
SHIPMENT224,2024-03-01,CANCELLED
SHIPMENT225,2024-03-16,CANCELLED
SHIPMENT226,2024-02-15,CANCELLED
SHIPMENT227,2024-02-22,RUNNING
SHIPMENT228,2024-02-21,CANCELLED
SHIPMENT229,2024-02-18,DONE
SHIPMENT230,2024-02-07,DONE
SHIPMENT231,2024-03-11,CANCELLED
SHIPMENT232,2024-03-22,RUNNING
SHIPMENT233,2024-02-18,DONE
SHIPMENT234,2024-03-01,RUNNING
SHIPMENT235,2024-02-19,DONE
SHIPMENT236,2024-04-03,DONE
SHIPMENT237,2024-03-23,CANCELLED
SHIPMENT238,2024-03-30,RUNNING
SHIPMENT239,2024-03-09,DONE
SHIPMENT240,2024-02-26,DONE
SHIPMENT241,2024-03-07,RUNNING
SHIPMENT242,2024-03-24,CANCELLED
SHIPMENT243,2024-02-10,CANCELLED
SHIPMENT244,2024-03-30,CANCELLED
SHIPMENT245,2024-03-07,CANCELLED
SHIPMENT246,2024-03-17,DONE
SHIPMENT247,2024-02-04,CANCELLED
SHIPMENT248,2024-03-20,CANCELLED
SHIPMENT249,2024-03-06,RUNNING
SHIPMENT250,2024-03-26,DONE
SHIPMENT251,2024-02-24,RUNNING
SHIPMENT252,2024-02-14,RUNNING
SHIPMENT253,2024-02-17,RUNNING
SHIPMENT254,2024-03-26,RUNNING
SHIPMENT255,2024-02-17,CANCELLED
SHIPMENT256,2024-02-20,DONE
SHIPMENT257,2024-02-07,DONE
SHIPMENT258,2024-02-26,DONE
SHIPMENT259,2024-03-22,RUNNING
SHIPMENT260,2024-02-22,DONE
SHIPMENT261,2024-03-15,RUNNING
SHIPMENT262,2024-02-12,CANCELLED
SHIPMENT263,2024-02-16,CANCELLED
SHIPMENT264,2024-02-15,CANCELLED
SHIPMENT265,2024-03-19,CANCELLED
SHIPMENT266,2024-03-10,DONE
SHIPMENT267,2024-02-10,CANCELLED
SHIPMENT268,2024-03-01,DONE
SHIPMENT269,2024-02-22,DONE
SHIPMENT270,2024-03-07,CANCELLED
SHIPMENT271,2024-02-14,DONE
SHIPMENT272,2024-03-01,DONE
SHIPMENT273,2024-03-26,RUNNING
SHIPMENT274,2024-02-28,DONE
SHIPMENT275,2024-03-02,RUNNING
SHIPMENT276,2024-03-07,RUNNING
SHIPMENT277,2024-03-29,DONE
SHIPMENT278,2024-03-19,CANCELLED
SHIPMENT279,2024-02-11,RUNNING
SHIPMENT280,2024-03-11,CANCELLED
SHIPMENT281,2024-02-03,DONE
SHIPMENT282,2024-03-15,RUNNING
SHIPMENT283,2024-02-09,CANCELLED
SHIPMENT284,2024-03-28,CANCELLED
SHIPMENT285,2024-03-27,CANCELLED
SHIPMENT286,2024-03-25,CANCELLED
SHIPMENT287,2024-02-23,RUNNING
SHIPMENT288,2024-02-24,RUNNING
SHIPMENT289,2024-03-04,CANCELLED
SHIPMENT290,2024-02-27,RUNNING
SHIPMENT291,2024-02-18,RUNNING
SHIPMENT292,2024-02-10,CANCELLED
SHIPMENT293,2024-03-09,CANCELLED
SHIPMENT294,2024-03-08,RUNNING
SHIPMENT295,2024-03-30,CANCELLED
SHIPMENT296,2024-03-13,CANCELLED
SHIPMENT297,2024-02-07,DONE
SHIPMENT298,2024-02-13,DONE
SHIPMENT299,2024-02-11,DONE
SHIPMENT300,2024-03-22,CANCELLED
SHIPMENT301,2024-03-13,DONE
SHIPMENT302,2024-02-21,RUNNING
SHIPMENT303,2024-03-25,DONE
SHIPMENT304,2024-03-19,RUNNING
SHIPMENT305,2024-03-14,DONE
SHIPMENT306,2024-03-14,DONE
SHIPMENT307,2024-02-20,RUNNING
SHIPMENT308,2024-02-11,CANCELLED
SHIPMENT309,2024-03-09,DONE
SHIPMENT310,2024-02-18,CANCELLED
SHIPMENT311,2024-02-24,RUNNING
SHIPMENT312,2024-03-05,RUNNING
SHIPMENT313,2024-03-18,RUNNING
SHIPMENT314,2024-02-14,CANCELLED
SHIPMENT315,2024-02-29,DONE
SHIPMENT316,2024-02-09,RUNNING
SHIPMENT317,2024-02-23,CANCELLED
SHIPMENT318,2024-03-09,DONE
SHIPMENT319,2024-03-24,DONE
SHIPMENT320,2024-02-15,CANCELLED
SHIPMENT321,2024-03-08,DONE
SHIPMENT322,2024-02-11,RUNNING
SHIPMENT323,2024-02-04,DONE
SHIPMENT324,2024-02-23,DONE
SHIPMENT325,2024-03-18,RUNNING
SHIPMENT326,2024-02-22,CANCELLED
SHIPMENT327,2024-02-14,DONE
SHIPMENT328,2024-03-03,DONE
SHIPMENT329,2024-03-28,CANCELLED
SHIPMENT330,2024-03-20,RUNNING
SHIPMENT331,2024-03-31,CANCELLED
SHIPMENT332,2024-03-04,CANCELLED
SHIPMENT333,2024-02-27,CANCELLED
SHIPMENT334,2024-02-17,CANCELLED
SHIPMENT335,2024-02-17,CANCELLED
SHIPMENT336,2024-03-29,RUNNING
SHIPMENT337,2024-03-25,DONE
SHIPMENT338,2024-03-27,RUNNING
SHIPMENT339,2024-02-14,RUNNING
SHIPMENT340,2024-03-30,CANCELLED
SHIPMENT341,2024-03-16,DONE
SHIPMENT342,2024-04-02,RUNNING
SHIPMENT343,2024-03-15,RUNNING
SHIPMENT344,2024-02-22,CANCELLED
SHIPMENT345,2024-03-10,RUNNING
SHIPMENT346,2024-03-08,RUNNING
SHIPMENT347,2024-02-12,RUNNING
SHIPMENT348,2024-02-06,DONE
SHIPMENT349,2024-03-21,DONE
SHIPMENT350,2024-03-03,RUNNING
SHIPMENT351,2024-03-14,RUNNING
SHIPMENT352,2024-03-02,CANCELLED
SHIPMENT353,2024-03-22,DONE
SHIPMENT354,2024-04-03,RUNNING
SHIPMENT355,2024-03-09,DONE
SHIPMENT356,2024-02-11,CANCELLED
SHIPMENT357,2024-02-09,CANCELLED
SHIPMENT358,2024-02-27,RUNNING
SHIPMENT359,2024-03-03,CANCELLED
SHIPMENT360,2024-02-18,RUNNING
SHIPMENT361,2024-03-17,CANCELLED
SHIPMENT362,2024-03-20,CANCELLED
SHIPMENT363,2024-03-24,DONE
SHIPMENT364,2024-03-18,RUNNING
SHIPMENT365,2024-02-11,RUNNING
SHIPMENT366,2024-02-19,DONE
SHIPMENT367,2024-02-25,RUNNING
SHIPMENT368,2024-03-10,DONE
SHIPMENT369,2024-04-02,RUNNING
SHIPMENT370,2024-03-30,DONE
SHIPMENT371,2024-03-13,RUNNING
SHIPMENT372,2024-02-27,DONE
SHIPMENT373,2024-03-11,RUNNING
SHIPMENT374,2024-02-19,DONE
SHIPMENT375,2024-03-23,CANCELLED
SHIPMENT376,2024-02-21,RUNNING
SHIPMENT377,2024-04-03,CANCELLED
SHIPMENT378,2024-03-17,CANCELLED
SHIPMENT379,2024-02-19,DONE
SHIPMENT380,2024-03-25,DONE
SHIPMENT381,2024-03-12,RUNNING
SHIPMENT382,2024-03-24,DONE
SHIPMENT383,2024-03-30,DONE
SHIPMENT384,2024-02-25,CANCELLED
SHIPMENT385,2024-03-11,CANCELLED
SHIPMENT386,2024-03-26,DONE
SHIPMENT387,2024-02-09,CANCELLED
SHIPMENT388,2024-02-22,DONE
SHIPMENT389,2024-03-24,CANCELLED
SHIPMENT390,2024-03-09,CANCELLED
SHIPMENT391,2024-02-21,RUNNING
SHIPMENT392,2024-02-12,RUNNING
SHIPMENT393,2024-02-28,CANCELLED
SHIPMENT394,2024-03-05,CANCELLED
SHIPMENT395,2024-02-04,RUNNING
SHIPMENT396,2024-03-27,DONE
SHIPMENT397,2024-03-27,DONE
SHIPMENT398,2024-03-25,RUNNING
SHIPMENT399,2024-03-03,DONE
SHIPMENT400,2024-03-24,CANCELLED
SHIPMENT401,2024-03-17,DONE
SHIPMENT402,2024-02-20,CANCELLED
SHIPMENT403,2024-02-11,RUNNING
SHIPMENT404,2024-03-06,RUNNING
SHIPMENT405,2024-03-30,RUNNING
SHIPMENT406,2024-03-02,RUNNING
SHIPMENT407,2024-02-17,DONE
SHIPMENT408,2024-03-31,CANCELLED
SHIPMENT409,2024-03-11,CANCELLED
SHIPMENT410,2024-03-23,RUNNING
SHIPMENT411,2024-02-20,RUNNING
SHIPMENT412,2024-02-09,DONE
SHIPMENT413,2024-03-25,DONE
SHIPMENT414,2024-03-27,RUNNING
SHIPMENT415,2024-03-20,DONE
SHIPMENT416,2024-03-05,DONE
SHIPMENT417,2024-02-06,DONE
SHIPMENT418,2024-03-24,CANCELLED
SHIPMENT419,2024-02-08,RUNNING
SHIPMENT420,2024-03-20,RUNNING
SHIPMENT421,2024-02-13,DONE
SHIPMENT422,2024-03-25,DONE
SHIPMENT423,2024-02-25,RUNNING
SHIPMENT424,2024-02-08,DONE
SHIPMENT425,2024-02-07,CANCELLED
SHIPMENT426,2024-02-27,CANCELLED
SHIPMENT427,2024-02-10,RUNNING
SHIPMENT428,2024-03-14,CANCELLED
SHIPMENT429,2024-02-20,DONE
SHIPMENT430,2024-02-14,RUNNING
SHIPMENT431,2024-03-05,DONE
SHIPMENT432,2024-02-18,DONE
SHIPMENT433,2024-03-01,CANCELLED
SHIPMENT434,2024-02-05,CANCELLED
SHIPMENT435,2024-02-16,DONE
SHIPMENT436,2024-03-13,RUNNING
SHIPMENT437,2024-03-10,CANCELLED
SHIPMENT438,2024-03-09,CANCELLED
SHIPMENT439,2024-02-23,CANCELLED
SHIPMENT440,2024-03-09,RUNNING
SHIPMENT441,2024-03-14,DONE
SHIPMENT442,2024-02-22,RUNNING
SHIPMENT443,2024-04-03,RUNNING
SHIPMENT444,2024-03-12,CANCELLED
SHIPMENT445,2024-04-02,CANCELLED
SHIPMENT446,2024-03-26,RUNNING
SHIPMENT447,2024-03-31,RUNNING
SHIPMENT448,2024-02-09,CANCELLED
SHIPMENT449,2024-02-16,DONE
SHIPMENT450,2024-03-20,CANCELLED
SHIPMENT451,2024-02-10,CANCELLED
SHIPMENT452,2024-03-29,DONE
SHIPMENT453,2024-03-31,RUNNING
SHIPMENT454,2024-02-22,CANCELLED
SHIPMENT455,2024-03-28,RUNNING
SHIPMENT456,2024-02-18,CANCELLED
SHIPMENT457,2024-02-23,RUNNING
SHIPMENT458,2024-02-18,RUNNING
SHIPMENT459,2024-02-29,CANCELLED
SHIPMENT460,2024-02-21,RUNNING
SHIPMENT461,2024-03-10,RUNNING
SHIPMENT462,2024-03-10,CANCELLED
SHIPMENT463,2024-03-09,DONE
SHIPMENT464,2024-03-28,RUNNING
SHIPMENT465,2024-02-06,DONE
SHIPMENT466,2024-03-18,CANCELLED
SHIPMENT467,2024-03-27,DONE
SHIPMENT468,2024-02-17,DONE
SHIPMENT469,2024-03-28,RUNNING
SHIPMENT470,2024-03-06,CANCELLED
SHIPMENT471,2024-02-08,DONE
SHIPMENT472,2024-02-19,CANCELLED
SHIPMENT473,2024-03-19,RUNNING
SHIPMENT474,2024-02-16,CANCELLED
SHIPMENT475,2024-03-14,DONE
SHIPMENT476,2024-02-11,RUNNING
SHIPMENT477,2024-02-03,DONE
SHIPMENT478,2024-03-26,DONE
SHIPMENT479,2024-03-01,DONE
SHIPMENT480,2024-02-17,RUNNING
SHIPMENT481,2024-03-21,CANCELLED
SHIPMENT482,2024-02-19,DONE
SHIPMENT483,2024-04-02,DONE
SHIPMENT484,2024-02-22,RUNNING
SHIPMENT485,2024-02-10,RUNNING
SHIPMENT486,2024-02-09,CANCELLED
SHIPMENT487,2024-03-27,DONE
SHIPMENT488,2024-03-25,CANCELLED
SHIPMENT489,2024-03-23,RUNNING
SHIPMENT490,2024-03-08,DONE
SHIPMENT491,2024-02-06,CANCELLED
SHIPMENT492,2024-02-17,CANCELLED
SHIPMENT493,2024-03-31,RUNNING
SHIPMENT494,2024-02-23,DONE
SHIPMENT495,2024-02-16,RUNNING
SHIPMENT496,2024-02-23,DONE
SHIPMENT497,2024-03-21,RUNNING
SHIPMENT498,2024-03-04,CANCELLED
SHIPMENT499,2024-03-03,DONE
SHIPMENT500,2024-04-03,DONE
SHIPMENT501,2024-02-21,CANCELLED
SHIPMENT502,2024-04-01,CANCELLED
SHIPMENT503,2024-03-01,DONE
SHIPMENT504,2024-02-13,DONE
SHIPMENT505,2024-03-14,DONE
SHIPMENT506,2024-02-12,DONE
SHIPMENT507,2024-02-05,DONE
SHIPMENT508,2024-02-23,DONE
SHIPMENT509,2024-02-12,DONE
SHIPMENT510,2024-03-17,RUNNING
SHIPMENT511,2024-04-02,CANCELLED
SHIPMENT512,2024-02-09,CANCELLED
SHIPMENT513,2024-03-08,RUNNING
SHIPMENT514,2024-02-22,RUNNING
SHIPMENT515,2024-02-25,RUNNING
SHIPMENT516,2024-03-06,CANCELLED
SHIPMENT517,2024-03-22,DONE
SHIPMENT518,2024-02-20,CANCELLED
SHIPMENT519,2024-04-01,DONE
SHIPMENT520,2024-02-05,DONE
SHIPMENT521,2024-03-27,RUNNING
SHIPMENT522,2024-02-23,CANCELLED
SHIPMENT523,2024-03-23,CANCELLED
SHIPMENT524,2024-03-15,CANCELLED
SHIPMENT525,2024-03-10,RUNNING
SHIPMENT526,2024-02-11,CANCELLED
SHIPMENT527,2024-03-07,DONE
SHIPMENT528,2024-02-05,CANCELLED
SHIPMENT529,2024-03-18,CANCELLED
SHIPMENT530,2024-02-09,RUNNING
SHIPMENT531,2024-03-09,CANCELLED
SHIPMENT532,2024-02-25,DONE
SHIPMENT533,2024-03-27,DONE
SHIPMENT534,2024-02-04,DONE
SHIPMENT535,2024-03-10,CANCELLED
SHIPMENT536,2024-02-28,RUNNING
SHIPMENT537,2024-03-21,RUNNING
SHIPMENT538,2024-03-01,DONE
SHIPMENT539,2024-02-21,CANCELLED
SHIPMENT540,2024-03-29,DONE
SHIPMENT541,2024-03-14,DONE
SHIPMENT542,2024-02-14,DONE
SHIPMENT543,2024-03-12,RUNNING
SHIPMENT544,2024-02-13,DONE
SHIPMENT545,2024-02-13,RUNNING
SHIPMENT546,2024-03-30,RUNNING
SHIPMENT547,2024-02-26,DONE
SHIPMENT548,2024-03-01,CANCELLED
SHIPMENT549,2024-03-14,CANCELLED
SHIPMENT550,2024-03-11,CANCELLED
SHIPMENT551,2024-03-02,RUNNING
SHIPMENT552,2024-03-09,DONE
SHIPMENT553,2024-03-03,DONE
SHIPMENT554,2024-03-29,RUNNING
SHIPMENT555,2024-03-17,DONE
SHIPMENT556,2024-03-10,DONE
SHIPMENT557,2024-03-31,CANCELLED
SHIPMENT558,2024-02-18,CANCELLED
SHIPMENT559,2024-03-22,RUNNING
SHIPMENT560,2024-03-29,RUNNING
SHIPMENT561,2024-03-13,CANCELLED
SHIPMENT562,2024-03-27,RUNNING
SHIPMENT563,2024-02-11,RUNNING
SHIPMENT564,2024-02-05,RUNNING
SHIPMENT565,2024-02-10,DONE
SHIPMENT566,2024-03-08,RUNNING
SHIPMENT567,2024-02-29,DONE
SHIPMENT568,2024-02-09,DONE
SHIPMENT569,2024-03-25,DONE
SHIPMENT570,2024-02-14,RUNNING
SHIPMENT571,2024-03-30,CANCELLED
SHIPMENT572,2024-03-10,DONE
SHIPMENT573,2024-02-12,DONE
SHIPMENT574,2024-03-28,RUNNING
SHIPMENT575,2024-02-05,RUNNING
SHIPMENT576,2024-02-09,RUNNING
SHIPMENT577,2024-02-17,RUNNING
SHIPMENT578,2024-02-27,RUNNING
SHIPMENT579,2024-03-05,CANCELLED
SHIPMENT580,2024-03-26,CANCELLED
SHIPMENT581,2024-03-19,DONE
SHIPMENT582,2024-03-07,CANCELLED
SHIPMENT583,2024-03-24,CANCELLED
SHIPMENT584,2024-03-09,RUNNING
SHIPMENT585,2024-03-19,RUNNING
SHIPMENT586,2024-02-15,CANCELLED
SHIPMENT587,2024-03-25,DONE
SHIPMENT588,2024-02-27,CANCELLED
SHIPMENT589,2024-02-22,CANCELLED
SHIPMENT590,2024-03-17,CANCELLED
SHIPMENT591,2024-03-19,RUNNING
SHIPMENT592,2024-03-30,RUNNING
SHIPMENT593,2024-03-28,DONE
SHIPMENT594,2024-04-03,DONE
SHIPMENT595,2024-03-09,DONE
SHIPMENT596,2024-03-29,RUNNING
SHIPMENT597,2024-03-21,RUNNING
SHIPMENT598,2024-03-02,DONE
SHIPMENT599,2024-03-04,DONE
SHIPMENT600,2024-02-23,DONE
SHIPMENT601,2024-02-19,CANCELLED
SHIPMENT602,2024-02-24,CANCELLED
SHIPMENT603,2024-03-02,CANCELLED
SHIPMENT604,2024-03-25,CANCELLED
SHIPMENT605,2024-03-02,DONE
SHIPMENT606,2024-02-15,DONE
SHIPMENT607,2024-03-29,CANCELLED
SHIPMENT608,2024-02-20,DONE
SHIPMENT609,2024-03-05,RUNNING
SHIPMENT610,2024-02-24,DONE
SHIPMENT611,2024-03-27,RUNNING
SHIPMENT612,2024-03-15,DONE
SHIPMENT613,2024-02-12,RUNNING
SHIPMENT614,2024-04-03,DONE
SHIPMENT615,2024-02-20,CANCELLED
SHIPMENT616,2024-03-09,DONE
SHIPMENT617,2024-02-22,DONE
SHIPMENT618,2024-02-06,CANCELLED
SHIPMENT619,2024-03-03,RUNNING
SHIPMENT620,2024-03-03,DONE
SHIPMENT621,2024-03-29,DONE
SHIPMENT622,2024-02-21,CANCELLED
SHIPMENT623,2024-03-08,RUNNING
SHIPMENT624,2024-03-20,DONE
SHIPMENT625,2024-03-18,RUNNING
SHIPMENT626,2024-02-07,DONE
SHIPMENT627,2024-02-14,DONE
SHIPMENT628,2024-02-23,RUNNING
SHIPMENT629,2024-03-30,RUNNING
SHIPMENT630,2024-03-06,CANCELLED
SHIPMENT631,2024-02-28,RUNNING
SHIPMENT632,2024-03-20,RUNNING
SHIPMENT633,2024-03-31,DONE
SHIPMENT634,2024-03-04,RUNNING
SHIPMENT635,2024-03-17,DONE
SHIPMENT636,2024-02-28,CANCELLED
SHIPMENT637,2024-03-01,CANCELLED
SHIPMENT638,2024-03-25,CANCELLED
SHIPMENT639,2024-03-31,RUNNING
SHIPMENT640,2024-02-22,RUNNING
SHIPMENT641,2024-03-16,RUNNING
SHIPMENT642,2024-03-30,CANCELLED
SHIPMENT643,2024-03-27,CANCELLED
SHIPMENT644,2024-03-20,CANCELLED
SHIPMENT645,2024-03-23,RUNNING
SHIPMENT646,2024-02-20,RUNNING
SHIPMENT647,2024-03-03,DONE
SHIPMENT648,2024-03-03,DONE
SHIPMENT649,2024-02-04,CANCELLED
SHIPMENT650,2024-03-31,CANCELLED
SHIPMENT651,2024-03-31,CANCELLED
SHIPMENT652,2024-03-12,CANCELLED
SHIPMENT653,2024-03-27,RUNNING
SHIPMENT654,2024-02-13,DONE
SHIPMENT655,2024-03-23,DONE
SHIPMENT656,2024-02-06,DONE
SHIPMENT657,2024-03-12,RUNNING
SHIPMENT658,2024-03-29,CANCELLED
SHIPMENT659,2024-02-16,RUNNING
SHIPMENT660,2024-02-12,RUNNING
SHIPMENT661,2024-03-26,DONE
SHIPMENT662,2024-02-29,CANCELLED
SHIPMENT663,2024-03-29,RUNNING
SHIPMENT664,2024-03-18,DONE
SHIPMENT665,2024-03-26,CANCELLED
SHIPMENT666,2024-03-12,RUNNING
SHIPMENT667,2024-02-24,DONE
SHIPMENT668,2024-03-01,RUNNING
SHIPMENT669,2024-03-13,CANCELLED
SHIPMENT670,2024-03-06,DONE
SHIPMENT671,2024-02-24,DONE
SHIPMENT672,2024-03-16,CANCELLED
SHIPMENT673,2024-02-06,DONE
SHIPMENT674,2024-02-19,CANCELLED
SHIPMENT675,2024-03-07,RUNNING
SHIPMENT676,2024-03-05,DONE
SHIPMENT677,2024-03-10,RUNNING
SHIPMENT678,2024-03-19,DONE
SHIPMENT679,2024-03-24,CANCELLED
SHIPMENT680,2024-04-02,CANCELLED
SHIPMENT681,2024-03-11,CANCELLED
SHIPMENT682,2024-02-15,CANCELLED
SHIPMENT683,2024-02-21,RUNNING
SHIPMENT684,2024-03-10,RUNNING
SHIPMENT685,2024-03-22,RUNNING
SHIPMENT686,2024-02-07,DONE
SHIPMENT687,2024-02-07,RUNNING
SHIPMENT688,2024-03-14,RUNNING
SHIPMENT689,2024-02-13,RUNNING
SHIPMENT690,2024-03-20,CANCELLED
SHIPMENT691,2024-02-27,CANCELLED
SHIPMENT692,2024-02-08,DONE
SHIPMENT693,2024-03-25,DONE
SHIPMENT694,2024-02-17,CANCELLED
SHIPMENT695,2024-03-23,DONE
SHIPMENT696,2024-03-27,DONE
SHIPMENT697,2024-03-12,CANCELLED
SHIPMENT698,2024-02-14,RUNNING
SHIPMENT699,2024-03-24,CANCELLED
SHIPMENT700,2024-02-14,CANCELLED
SHIPMENT701,2024-04-03,CANCELLED
SHIPMENT702,2024-02-13,DONE
SHIPMENT703,2024-02-24,RUNNING
SHIPMENT704,2024-02-29,DONE
SHIPMENT705,2024-03-17,DONE
SHIPMENT706,2024-02-27,CANCELLED
SHIPMENT707,2024-02-19,DONE
SHIPMENT708,2024-02-13,DONE
SHIPMENT709,2024-04-03,RUNNING
SHIPMENT710,2024-02-26,DONE
SHIPMENT711,2024-03-27,DONE
SHIPMENT712,2024-02-16,CANCELLED
SHIPMENT713,2024-03-09,RUNNING
SHIPMENT714,2024-03-10,RUNNING
SHIPMENT715,2024-02-17,CANCELLED
SHIPMENT716,2024-03-01,RUNNING
SHIPMENT717,2024-03-26,CANCELLED
SHIPMENT718,2024-02-07,CANCELLED
SHIPMENT719,2024-03-31,RUNNING
SHIPMENT720,2024-03-18,RUNNING
SHIPMENT721,2024-02-15,RUNNING
SHIPMENT722,2024-02-15,RUNNING
SHIPMENT723,2024-03-18,DONE
SHIPMENT724,2024-02-05,RUNNING
SHIPMENT725,2024-03-12,DONE
SHIPMENT726,2024-03-26,DONE
SHIPMENT727,2024-02-04,RUNNING
SHIPMENT728,2024-02-13,DONE
SHIPMENT729,2024-02-21,CANCELLED
SHIPMENT730,2024-03-19,RUNNING
SHIPMENT731,2024-02-19,CANCELLED
SHIPMENT732,2024-04-01,RUNNING
SHIPMENT733,2024-03-06,RUNNING
SHIPMENT734,2024-03-04,CANCELLED
SHIPMENT735,2024-03-11,CANCELLED
SHIPMENT736,2024-02-28,CANCELLED
SHIPMENT737,2024-03-19,CANCELLED
SHIPMENT738,2024-03-26,RUNNING
SHIPMENT739,2024-04-03,CANCELLED
SHIPMENT740,2024-03-24,RUNNING
SHIPMENT741,2024-03-14,DONE
SHIPMENT742,2024-03-31,RUNNING
SHIPMENT743,2024-03-25,RUNNING
SHIPMENT744,2024-03-18,RUNNING
SHIPMENT745,2024-03-18,DONE
SHIPMENT746,2024-03-31,CANCELLED
SHIPMENT747,2024-03-10,DONE
SHIPMENT748,2024-02-14,DONE
SHIPMENT749,2024-02-13,DONE
SHIPMENT750,2024-03-04,DONE
SHIPMENT751,2024-03-02,DONE
SHIPMENT752,2024-03-27,RUNNING
SHIPMENT753,2024-03-20,CANCELLED
SHIPMENT754,2024-03-10,DONE
SHIPMENT755,2024-03-29,RUNNING
SHIPMENT756,2024-02-23,RUNNING
SHIPMENT757,2024-03-30,RUNNING
SHIPMENT758,2024-02-22,RUNNING
SHIPMENT759,2024-02-28,CANCELLED
SHIPMENT760,2024-03-22,DONE
SHIPMENT761,2024-04-02,DONE
SHIPMENT762,2024-03-10,DONE
SHIPMENT763,2024-02-05,CANCELLED
SHIPMENT764,2024-03-06,DONE
SHIPMENT765,2024-03-04,CANCELLED
SHIPMENT766,2024-02-16,RUNNING
SHIPMENT767,2024-03-06,RUNNING
SHIPMENT768,2024-02-20,RUNNING
SHIPMENT769,2024-03-06,DONE
SHIPMENT770,2024-03-18,RUNNING
SHIPMENT771,2024-02-10,RUNNING
SHIPMENT772,2024-03-16,DONE
SHIPMENT773,2024-03-24,CANCELLED
SHIPMENT774,2024-03-31,DONE
SHIPMENT775,2024-02-14,RUNNING
SHIPMENT776,2024-03-07,CANCELLED
SHIPMENT777,2024-03-09,RUNNING
SHIPMENT778,2024-03-09,CANCELLED
SHIPMENT779,2024-02-16,DONE
SHIPMENT780,2024-03-08,CANCELLED
SHIPMENT781,2024-02-19,CANCELLED
SHIPMENT782,2024-02-05,CANCELLED
SHIPMENT783,2024-03-14,RUNNING
SHIPMENT784,2024-03-04,RUNNING
SHIPMENT785,2024-02-19,DONE
SHIPMENT786,2024-02-22,RUNNING
SHIPMENT787,2024-03-18,RUNNING
SHIPMENT788,2024-03-09,CANCELLED
SHIPMENT789,2024-03-01,CANCELLED
SHIPMENT790,2024-02-25,DONE
SHIPMENT791,2024-03-16,DONE
SHIPMENT792,2024-03-20,CANCELLED
SHIPMENT793,2024-03-02,CANCELLED
SHIPMENT794,2024-03-14,DONE
SHIPMENT795,2024-03-02,CANCELLED
SHIPMENT796,2024-03-16,DONE
SHIPMENT797,2024-03-14,DONE
SHIPMENT798,2024-03-31,CANCELLED
SHIPMENT799,2024-02-20,CANCELLED
SHIPMENT800,2024-02-05,CANCELLED
SHIPMENT801,2024-02-20,CANCELLED
SHIPMENT802,2024-03-04,CANCELLED
SHIPMENT803,2024-03-28,CANCELLED
SHIPMENT804,2024-02-15,CANCELLED
SHIPMENT805,2024-03-24,CANCELLED
SHIPMENT806,2024-02-04,RUNNING
SHIPMENT807,2024-02-08,CANCELLED
SHIPMENT808,2024-03-19,RUNNING
SHIPMENT809,2024-03-25,DONE
SHIPMENT810,2024-02-05,RUNNING
SHIPMENT811,2024-03-08,CANCELLED
SHIPMENT812,2024-02-13,DONE
SHIPMENT813,2024-02-08,CANCELLED
SHIPMENT814,2024-03-31,DONE
SHIPMENT815,2024-03-05,CANCELLED
SHIPMENT816,2024-03-22,DONE
SHIPMENT817,2024-03-11,DONE
SHIPMENT818,2024-02-20,RUNNING
SHIPMENT819,2024-03-09,DONE
SHIPMENT820,2024-02-10,RUNNING
SHIPMENT821,2024-03-13,RUNNING
SHIPMENT822,2024-02-03,RUNNING
SHIPMENT823,2024-02-17,DONE
SHIPMENT824,2024-03-25,RUNNING
SHIPMENT825,2024-03-13,CANCELLED
SHIPMENT826,2024-02-25,CANCELLED
SHIPMENT827,2024-03-24,CANCELLED
SHIPMENT828,2024-02-09,DONE
SHIPMENT829,2024-03-26,RUNNING
SHIPMENT830,2024-03-02,DONE
SHIPMENT831,2024-03-27,CANCELLED
SHIPMENT832,2024-02-26,CANCELLED
SHIPMENT833,2024-02-10,DONE
SHIPMENT834,2024-03-29,RUNNING
SHIPMENT835,2024-02-05,CANCELLED
SHIPMENT836,2024-02-10,DONE
SHIPMENT837,2024-02-15,CANCELLED
SHIPMENT838,2024-02-13,RUNNING
SHIPMENT839,2024-02-17,DONE
SHIPMENT840,2024-03-31,RUNNING
SHIPMENT841,2024-02-19,CANCELLED
SHIPMENT842,2024-03-27,DONE
SHIPMENT843,2024-03-02,DONE
SHIPMENT844,2024-02-11,CANCELLED
SHIPMENT845,2024-02-26,DONE
SHIPMENT846,2024-03-12,RUNNING
SHIPMENT847,2024-02-27,RUNNING
SHIPMENT848,2024-04-03,CANCELLED
SHIPMENT849,2024-02-11,DONE
SHIPMENT850,2024-02-19,RUNNING
SHIPMENT851,2024-03-20,DONE
SHIPMENT852,2024-02-05,DONE
SHIPMENT853,2024-02-13,RUNNING
SHIPMENT854,2024-03-28,CANCELLED
SHIPMENT855,2024-03-24,RUNNING
SHIPMENT856,2024-02-20,CANCELLED
SHIPMENT857,2024-03-03,RUNNING
SHIPMENT858,2024-03-20,DONE
SHIPMENT859,2024-02-19,RUNNING
SHIPMENT860,2024-02-22,CANCELLED
SHIPMENT861,2024-04-03,RUNNING
SHIPMENT862,2024-02-25,RUNNING
SHIPMENT863,2024-03-29,RUNNING
SHIPMENT864,2024-02-16,RUNNING
SHIPMENT865,2024-02-15,RUNNING
SHIPMENT866,2024-02-24,CANCELLED
SHIPMENT867,2024-02-06,CANCELLED
SHIPMENT868,2024-03-18,RUNNING
SHIPMENT869,2024-03-03,CANCELLED
SHIPMENT870,2024-03-17,CANCELLED
SHIPMENT871,2024-03-05,RUNNING
SHIPMENT872,2024-02-07,DONE
SHIPMENT873,2024-03-20,RUNNING
SHIPMENT874,2024-03-23,RUNNING
SHIPMENT875,2024-03-11,DONE
SHIPMENT876,2024-03-23,CANCELLED
SHIPMENT877,2024-02-14,DONE
SHIPMENT878,2024-03-21,CANCELLED
SHIPMENT879,2024-02-26,CANCELLED
SHIPMENT880,2024-02-27,DONE
SHIPMENT881,2024-03-04,DONE
SHIPMENT882,2024-03-19,RUNNING
SHIPMENT883,2024-03-28,CANCELLED
SHIPMENT884,2024-03-10,RUNNING
SHIPMENT885,2024-02-12,RUNNING
SHIPMENT886,2024-02-28,RUNNING
SHIPMENT887,2024-03-31,DONE
SHIPMENT888,2024-02-21,RUNNING
SHIPMENT889,2024-02-23,DONE
SHIPMENT890,2024-02-13,CANCELLED
SHIPMENT891,2024-02-04,CANCELLED
SHIPMENT892,2024-03-12,CANCELLED
SHIPMENT893,2024-03-09,DONE
SHIPMENT894,2024-03-16,DONE
SHIPMENT895,2024-03-23,CANCELLED
SHIPMENT896,2024-03-27,RUNNING
SHIPMENT897,2024-03-22,CANCELLED
SHIPMENT898,2024-03-18,RUNNING
SHIPMENT899,2024-02-10,RUNNING
SHIPMENT900,2024-04-02,CANCELLED
SHIPMENT901,2024-03-13,DONE
SHIPMENT902,2024-03-31,RUNNING
SHIPMENT903,2024-02-15,DONE
SHIPMENT904,2024-02-12,CANCELLED
SHIPMENT905,2024-03-21,RUNNING
SHIPMENT906,2024-02-06,RUNNING
SHIPMENT907,2024-03-31,DONE
SHIPMENT908,2024-03-31,CANCELLED
SHIPMENT909,2024-02-27,CANCELLED
SHIPMENT910,2024-02-03,DONE
SHIPMENT911,2024-03-02,RUNNING
SHIPMENT912,2024-02-27,DONE
SHIPMENT913,2024-03-28,CANCELLED
SHIPMENT914,2024-02-22,DONE
SHIPMENT915,2024-03-13,CANCELLED
SHIPMENT916,2024-02-26,DONE
SHIPMENT917,2024-02-11,CANCELLED
SHIPMENT918,2024-02-17,DONE
SHIPMENT919,2024-04-02,CANCELLED
SHIPMENT920,2024-03-12,DONE
SHIPMENT921,2024-02-18,CANCELLED
SHIPMENT922,2024-03-11,RUNNING
SHIPMENT923,2024-03-11,RUNNING
SHIPMENT924,2024-02-06,DONE
SHIPMENT925,2024-03-08,DONE
SHIPMENT926,2024-03-07,DONE
SHIPMENT927,2024-03-08,CANCELLED
SHIPMENT928,2024-03-21,DONE
SHIPMENT929,2024-03-11,DONE
SHIPMENT930,2024-03-24,CANCELLED
SHIPMENT931,2024-02-07,DONE
SHIPMENT932,2024-03-31,RUNNING
SHIPMENT933,2024-02-24,CANCELLED
SHIPMENT934,2024-02-04,CANCELLED
SHIPMENT935,2024-02-13,CANCELLED
SHIPMENT936,2024-02-15,CANCELLED
SHIPMENT937,2024-02-05,CANCELLED
SHIPMENT938,2024-03-05,RUNNING
SHIPMENT939,2024-03-17,RUNNING
SHIPMENT940,2024-03-02,CANCELLED
SHIPMENT941,2024-03-17,CANCELLED
SHIPMENT942,2024-02-06,DONE
SHIPMENT943,2024-03-25,RUNNING
SHIPMENT944,2024-03-10,RUNNING
SHIPMENT945,2024-02-13,CANCELLED
SHIPMENT946,2024-03-22,DONE
SHIPMENT947,2024-03-15,DONE
SHIPMENT948,2024-03-20,DONE
SHIPMENT949,2024-03-31,CANCELLED
SHIPMENT950,2024-03-19,RUNNING
SHIPMENT951,2024-02-13,DONE
SHIPMENT952,2024-02-22,CANCELLED
SHIPMENT953,2024-04-02,CANCELLED
SHIPMENT954,2024-03-25,DONE
SHIPMENT955,2024-02-05,DONE
SHIPMENT956,2024-03-03,DONE
SHIPMENT957,2024-02-05,CANCELLED
SHIPMENT958,2024-03-03,DONE
SHIPMENT959,2024-03-08,RUNNING
SHIPMENT960,2024-03-13,DONE
SHIPMENT961,2024-02-21,RUNNING
SHIPMENT962,2024-02-16,DONE
SHIPMENT963,2024-03-25,RUNNING
SHIPMENT964,2024-02-15,DONE
SHIPMENT965,2024-02-24,RUNNING
SHIPMENT966,2024-02-22,RUNNING
SHIPMENT967,2024-03-09,RUNNING
SHIPMENT968,2024-03-24,DONE
SHIPMENT969,2024-02-05,CANCELLED
SHIPMENT970,2024-02-08,DONE
SHIPMENT971,2024-03-05,DONE
SHIPMENT972,2024-03-26,RUNNING
SHIPMENT973,2024-02-09,DONE
SHIPMENT974,2024-03-01,CANCELLED
SHIPMENT975,2024-03-26,CANCELLED
SHIPMENT976,2024-03-30,DONE
SHIPMENT977,2024-02-04,RUNNING
SHIPMENT978,2024-03-02,DONE
SHIPMENT979,2024-03-17,CANCELLED
SHIPMENT980,2024-03-05,RUNNING
SHIPMENT981,2024-02-29,RUNNING
SHIPMENT982,2024-03-16,RUNNING
SHIPMENT983,2024-03-19,RUNNING
SHIPMENT984,2024-02-24,CANCELLED
SHIPMENT985,2024-03-14,CANCELLED
SHIPMENT986,2024-03-06,RUNNING
SHIPMENT987,2024-02-16,CANCELLED
SHIPMENT988,2024-03-06,DONE
SHIPMENT989,2024-03-16,DONE
SHIPMENT990,2024-03-14,DONE
SHIPMENT991,2024-03-26,CANCELLED
SHIPMENT992,2024-03-12,DONE
SHIPMENT993,2024-02-04,DONE
SHIPMENT994,2024-03-20,CANCELLED
SHIPMENT995,2024-02-27,RUNNING
SHIPMENT996,2024-03-05,DONE
SHIPMENT997,2024-03-13,CANCELLED
SHIPMENT998,2024-03-14,RUNNING
SHIPMENT999,2024-03-06,DONE
